Date,Track,RaceNumber,Horse,Jockey,Trainer,SP,Bet,Profit
2023-01-01,SUNSHINE COAST,2,ATLANTIC EAGLE,KYLE WILSON-TAYLOR,PAUL DUNCAN,2.9,59.33319470204367,112.0
2023-01-01,INVERELL,6,PATENTED,EMILY LANG,PAT WEBSTER,3.9,53.172439014132124,-54.0
2023-01-02,ESPERANCE,7,KORANIS,ANGELA JOHNSTON,CAREY MARTIN,5.0,51.38476701319258,205.0
2023-01-14,ROSEHILL,7,MARIAMIA,DYLAN GIBBONS,JOSEPH PRIDE,8.5,57.2931182837927,429.0
2023-01-15,ORANGE,4,IKNOWASTAR,ASHLEY MORGAN,BJORN BAKER,10.0,58.408078581905585,-59.0
2023-01-21,KEMBLA GRANGE,1,CHILLI JAM,MITCHELL BELL,JOSEPH PRIDE,18.0,58.39105559079608,-59.0
2023-01-21,RANDWICK,4,IRISH LEGEND,BROCK RYAN,LES BRIDGE,7.0,65.11221122891413,390.0
2023-01-26,HANGING ROCK,5,SANDBLAST,WILL GORDON,K T BOURKE,15.0,50.635429034254344,708.0
2023-01-28,TAMWORTH,4,GAME TO LOVE,BEN LOOKER,CODY MORGAN,1.95,53.26474632613871,50.0
2023-01-28,TAMWORTH,4,GAME TO LOVE,BEN LOOKER,CODY MORGAN,1.95,53.50296283581921,50.0
2023-01-30,DUBBO,5,LARYNX,CLAYTON GALLAGHER,BRETT THOMPSON,3.3,88.3509266115336,203.0
2023-02-01,CANTERBURY,2,EAU DE VIE,JOSHUA PARR,RICHARD & WILL FREEDMAN,5.5,50.493306848184595,-51.0
2023-02-01,HAPPY VALLEY,6,HAVA NAGEELA,Z PURTON,F C LOR,10.0,65.06513166343866,-66.0
2023-02-02,PAKENHAM,5,GRINGOTTS,JOHN ALLEN,CIARON MAHER & DAVID EUSTACE,2.8,54.80092094981267,-55.0
2023-02-02,PAKENHAM,8,VITTORIOSA,JORDAN CHILDS,GAI WATERHOUSE & ADRIAN BOTT,6.5,51.08466131212237,-52.0
2023-02-04,GOLD COAST,5,HABEEBATI,GEORGINA CARTWRIGH,D L FREEDMAN,1.45,50.45723860279531,22.0
2023-02-04,KYNETON,7,CATSKILL MOUNTAIN,DEAN HOLLAND,ANDREW BOBBIN,2.0,55.13408442336928,55.0
2023-02-06,MUSWELLBROOK,1,SUMATI,BROOKE STOWER,STEPHEN JONES,2.4,60.75630253224013,-61.0
2023-02-08,EAGLE FARM,6,WONDERFUL RAYRAY,BEN THOMPSON,STEVEN O'DEA & MATTHEW HOYSTED,4.0,54.45066983133016,163.0
2023-02-09,WAGGA,7,JACK'S ALL MAGIC,BILLY OWEN,KYM DAVISON,7.5,59.31628670042224,-60.0
2023-02-10,ROCKHAMPTON,3,ARCTIC SUMMER,RYAN WIGGINS,JARED WEHLOW,2.8,58.156488945286476,104.0
2023-02-11,SANDOWN,7,MR BRIGHTSIDE,CRAIG WILLIAMS,BEN & JD HAYES,9.5,50.47884807618791,-51.0
2023-02-11,RANDWICK,8,ANAMOE,JAMES MCDONALD,JAMES CUMMINGS,1.7,71.61357678925611,50.0
2023-02-12,SUNSHINE COAST,4,GLAMBORGINI,BAILEY WHEELER,CHRIS ANDERSON,5.0,55.86635138274253,-56.0
2023-02-14,MACKAY,2,AGE OF INNOCENCE,BROOKE JOHNSON,NICK WALSH,1.28,61.92425772860468,17.0
2023-02-14,MACKAY,4,ROVERS PEPPER,JUSTIN STANLEY,CLINTON TAYLOR,1.33,79.73985683221547,26.0
2023-02-15,ASCOT,6,MAJOR MAX,TROY TURNER,RHYS RADFORD,3.7,52.87422129817483,142.0
2023-02-16,PAKENHAM,6,EL SOLEADO,CRAIG WILLIAMS,ROBBIE LAING,5.0,52.65866157302632,-53.0
2023-02-17,QUIRINDI,4,NOSEY PARKER,CLAYTON GALLAGHER,PAUL PERRY,1.75,52.7311361495122,-53.0
2023-02-18,COONABARABRAN,4,ADAM'S FIRST PICK,JAKE BARRETT,BRETT ROBB,5.5,57.40424214206127,258.0
2023-02-19,TAREE,3,GRIPPING,AARON BULLOCK,KRIS LEES,5.0,51.53716732631334,-52.0
2023-02-19,SHA TIN,7,PING HAI GALAXY,Z PURTON,J SIZE,10.0,62.941254427347445,-63.0
2023-02-20,WARRNAMBOOL,5,TOROBEEL MURIEL,DEAN HOLLAND,SYMON WILDE,9.0,54.74939571960805,437.0
2023-02-21,TOWNSVILLE,1,ROWEINER'S DANCE,ISABELLA TEH,BILL KENNING,10.0,62.212462410159205,-63.0
2023-02-21,WYONG,5,VEGAS OUTLAW,MADELINE OWEN,SARA RYAN,23.0,50.639665607229944,-51.0
2023-02-22,WARWICK FARM,4,EAU DE VIE,JAMES MCDONALD,RICHARD & WILL FREEDMAN,2.8,55.24205063537018,-56.0
2023-02-22,EAGLE FARM,7,BORN A WARRIOR,JAMES ORMAN,RENITA BEATON,3.9,85.43555784509638,247.0
2023-02-23,PAKENHAM,1,TORONTO TERRIER,BLAKE SHINN,MICHAEL MORONEY,6.0,50.362545280529325,251.0
2023-02-25,TOOWOOMBA,2,LUCASAYD,ANTHONY ALLEN,MARK CURRIE,2.3,50.61103976510991,65.0
2023-02-26,SHA TIN,3,BEAUTY ETERNAL,Z PURTON,J SIZE,10.0,67.86486614814476,610.0
2023-02-26,SHA TIN,4,BRAVE DREAMS,Z PURTON,A S CRUZ,10.0,56.28620106318181,506.0
2023-03-01,ASCOT,4,EXCELESTIAL,CHRIS PARNHAM,ROBERT WITTEN,7.0,90.48599162191799,542.0
2023-03-01,ASCOT,4,MAJOR MAX,TROY TURNER,RHYS RADFORD,2.4,59.81176110793537,-60.0
2023-03-03,NEWCASTLE,4,INVINCIBLE LEGEND,BROCK RYAN,LES BRIDGE,10.0,60.90612758131763,-61.0
2023-03-04,HAWKESBURY,1,SHADOWS OF LOVE,KEAGAN LATHAM,KIM WAUGH,10.0,59.023400605100775,531.0
2023-03-04,DALBY,2,NACHO NACHO MAN,JAKE MOLLOY,JACK BRUCE,3.1,70.45008718280592,147.0
2023-03-07,TAREE,1,GRIPPING,AARON BULLOCK,KRIS LEES,10.0,51.85742105900574,-52.0
2023-03-07,BALLARAT,3,QUEEN TA VISTA,JORDAN CHILDS,GAI WATERHOUSE & ADRIAN BOTT,10.0,54.48636052788341,490.0
2023-03-08,PINJARRA,2,DEAMBER,TROY TURNER,STEPHANIE BAKRANICH,2.4,51.071692199585414,-52.0
2023-03-08,PINJARRA,4,BARACAP,JOSEPH AZZOPARDI,DAVID HARRISON,15.0,64.99125220856676,-65.0
2023-03-10,KEMBLA GRANGE,5,MIKASA,KEAGAN LATHAM,JOHN THOMPSON,10.0,54.31678104226253,-55.0
2023-03-11,GOSFORD,2,TOMISLAVA,JEFF PENZA,ANTHONY CUMMINGS,10.0,55.84739965782548,502.0
2023-03-11,EDENHOPE,7,CATSKILL MOUNTAIN,JACOB OPPERMAN,ANDREW BOBBIN,10.0,50.20288554904406,451.0
2023-03-12,ASCOT,1,NOTEWORTHY,WILLIAM PIKE,MICHAEL GRANTHAM,10.0,53.957325619966646,485.0
2023-03-17,SALE,2,LAZY SUSAN,BEAU MERTENS,CIARON MAHER & DAVID EUSTACE,10.0,52.230353166726196,-53.0
2023-03-18,ROCKHAMPTON,2,AGE OF INNOCENCE,TAHLIA FENLON,NICK WALSH,10.0,65.04121033464446,585.0
2023-03-18,MORPHETTVILLE,4,FIORADA LAD,SAMUEL PAYNE,SUE & JASON JAENSCH,10.0,70.63641480940458,635.0
2023-03-18,ROSEHILL,7,ANAMOE,JAMES MCDONALD,JAMES CUMMINGS,10.0,51.48843399209135,463.0
2023-03-20,COFFS HARBOUR,1,CAROLINE BAY,SEAN CORMACK,KRIS LEES,10.0,52.47926348568483,472.0
2023-03-21,NEWCASTLE,1,SNIZZI,AARON BULLOCK,PAUL MESSARA,10.0,52.692708601361026,-53.0
2023-03-22,SANDOWN,2,STERN IDOL,JOHN ALLEN,CIARON MAHER & DAVID EUSTACE,10.0,57.52520671794949,517.0
2023-03-25,WYONG,4,VEGAS OUTLAW,KEAGAN LATHAM,SARA RYAN,10.0,56.261420158022155,506.0
2023-03-30,PAKENHAM,3,AFFAIRE A SUIVRE,BEN ALLEN,CIARON MAHER & DAVID EUSTACE,10.0,67.43872479693232,-68.0
2023-03-30,PAKENHAM,6,GLOBE,BEN MELHAM,MICK PRICE & MICHAEL KENT (JNR),10.0,50.62673824276174,455.0
2023-03-31,ALBANY,1,ANTIQUE MISS,BRAYDEN GAERTH,MICHAEL GRANTHAM,10.0,50.597250708685294,-51.0
2023-04-01,HAWKESBURY,3,VANCOUVER'S GEM,GRANT BUCKLEY,BRAD WIDDUP,10.0,57.44046603675709,516.0
2023-04-08,OAKBANK,1,STORYTELLER,BEN PRICE,MICHAEL HICKMOTT,9.0,53.642648411276625,429.0
2023-04-08,NEWCASTLE,3,INVINCIBLE LEGEND,ANDREW GIBBONS,LES BRIDGE,2.4,57.67578274828907,80.0
2023-04-08,NEWCASTLE,6,SMOKIN' CRAZY,AARON BULLOCK,PAUL MESSARA,4.6,50.75952859946865,182.0
2023-04-11,MACKAY,4,DEEP BREATH,RYAN WIGGINS,NICK WALSH,1.2,57.7546069704006,11.0
2023-04-13,ROCKHAMPTON,5,FAMUS FELLA,JUSTIN STANLEY,CRAIG SMITH,13.0,59.93250925202906,-60.0
2023-04-13,ROCKHAMPTON,7,PATROLLING,RYAN WIGGINS,RICKY VALE,2.9,52.67369020226229,-53.0
2023-04-14,DARWIN,5,SWEET CHEVAL,SONJA WISEMAN,JO BANKS,2.8,58.773943827539696,-59.0
2023-04-15,WERRIBEE,3,STAROSHKA,LACHLAN KING,P & P SNOWDEN,2.6,50.63341770066597,-51.0
2023-04-15,GOLD COAST,3,JAMAICAN RUMBA,NOEL CALLOW,A J & T EDMONDS,1.45,54.824763036380155,24.0
2023-04-16,PAKENHAM,6,STERN IDOL,STEVEN PATEMAN,CIARON MAHER & DAVID EUSTACE,1.3,62.33416117918173,18.0
2023-04-18,GEELONG,1,CALL THE UNION,WILL GORDON,TREVOR ROGERS,3.5,57.22104110707532,143.0
2023-04-21,TAMWORTH,2,BURLING,KOBY JENNINGS,CODY MORGAN,21.0,64.94610244727576,1298.0
2023-04-21,CAIRNS,6,LORD OF LIGHT,FRANK EDWARDS,RICKY LUDWIG,7.5,90.20400264069912,586.0
2023-04-22,GOLD COAST,7,SPILL THE DIAMONDS,JAG GUTHMANN-CHEST,S J MORRISEY,7.5,52.05669526070896,-53.0
2023-04-22,NEWCASTLE,7,CAPITAL MAC,AARON BULLOCK,GREGORY HICKMAN,3.9,56.14792565981579,-57.0
2023-04-22,DOOMBEN,7,COTTEE,ANGELA JONES,MARK CURRIE,7.5,51.77393096775275,-52.0
2023-04-30,SHA TIN,2,BEAUTY DESTINY,Z PURTON,F C LOR,10.0,55.51066321287319,-56.0
2023-04-30,SHA TIN,10,BEAUTY ETERNAL,Z PURTON,J SIZE,10.0,54.9503535367146,494.0
2023-05-04,PINJARRA,8,BARACAP,JOSEPH AZZOPARDI,DAVID HARRISON,19.0,62.40765670605754,1123.0
2023-05-07,SHA TIN,7,GOLDEN EXPRESS,Z PURTON,J SIZE,10.0,91.29119725751694,821.0
2023-05-09,MACKAY,5,PATROLLING,RYAN WIGGINS,RICKY VALE,2.7,53.28493311039838,90.0
2023-05-10,SHA TIN,4,GALLANT HERO,Z PURTON,D J HALL,10.0,54.35193465535486,489.0
2023-05-20,GOLD COAST,2,HIGHER,JAI WILLIAMS,GREGORY BOOTH,3.6,51.684858744609464,134.0
2023-05-20,NEWCASTLE,5,TIME QUEST,MITCHELL BELL,MATTHEW SMITH,6.5,50.75741666809722,279.0
2023-05-21,KALGOORLIE,3,TALK IT UP,BRAYDEN GAERTH,PETER FERNIE,4.0,61.64534819018527,-62.0
2023-05-23,MORNINGTON,4,BURNT ORANGE,JORDAN CHILDS,GAI WATERHOUSE & ADRIAN BOTT,2.3,62.30469537047186,80.0
2023-05-24,BELMONT,1,ANTIQUE MISS,WILLIAM PIKE,MICHAEL GRANTHAM,1.5,51.089837351452076,-52.0
2023-05-25,KILMORE,3,TRIPLES,ZAC SPAIN,JAMES CUMMINGS,3.9,84.29849717401392,244.0
2023-05-25,GOSFORD,6,OZZMOSIS,JAMES MCDONALD,BJORN BAKER,1.4,64.45405831314126,25.0
2023-05-27,KEMBLA GRANGE,1,ZIP ON BY,KOBY JENNINGS,LES BRIDGE,4.6,58.081198227147254,209.0
2023-05-27,KEMBLA GRANGE,3,STYLISH PEDRILLE,JEAN VAN OVERMEIRE,RON QUINTON,1.65,63.42996423417142,41.0
2023-05-27,DARWIN,5,STARSPANGLEDANCER,JARROD TODD,GARY CLARKE,2.2,54.40220422595886,-55.0
2023-05-27,TOOWOOMBA,7,MATILLY,JUSTIN STANLEY,PAUL WALLACE,1.25,60.03322514899825,15.0
2023-05-27,TOOWOOMBA,7,MATILLY,JUSTIN STANLEY,PAUL WALLACE,1.25,59.80332927341689,14.0
2023-05-30,NEWCASTLE,1,ICONIC STORY,AARON BULLOCK,BRETT PARTELLE,3.5,55.09424156407397,137.0
2023-06-04,PINJARRA,4,SECRET ATTRACTION,WILLIAM PIKE,ADAM DURRANT,2.7,50.25890868877679,-51.0
2023-06-09,CARNARVON,5,BIG BLOWS,ROSIE MAHONY,MICHELLE HAGLEY,7.0,61.17670317322318,367.0
2023-06-10,GOLD COAST,1,WHO INVITED HER,BAILEY WHEELER,C MAHER & D EUSTACE,1.65,69.50426674099944,45.0
2023-06-10,SHA TIN,2,BEAUTY DESTINY,Z PURTON,F C LOR,10.0,57.91896214855523,-58.0
2023-06-10,RANDWICK,4,PARTICIPATOR,DANNY BEASLEY,TIM DONNELLY,13.0,54.5667762805802,-55.0
2023-06-10,SANDOWN,8,PACIFIC RUBY,MATTHEW CARTWRIGHT,CIARON MAHER & DAVID EUSTACE,4.0,56.94341877243127,170.0
2023-06-12,CAIRNS,2,BLOOMIN' RIPPER,LACEY MORRISON,SHARLEE D'AVILA,1.7,61.593806847023814,-62.0
2023-06-13,SCONE,1,FILL A PROMISE,MIKAYLA WEIR,NIKKI POLLOCK,15.0,55.16379076731111,-56.0
2023-06-15,WYONG,3,COUNTER MOVE,KOBY JENNINGS,NATHAN DOYLE,1.8,77.79302976877428,-78.0
2023-06-18,SHA TIN,1,KA YING VICTORY,Z PURTON,D J HALL,10.0,64.77229321806453,582.0
2023-06-18,SHA TIN,3,SUNLIGHT POWER,Z PURTON,P F YIU,10.0,52.81257355553429,-53.0
2023-06-21,DOOMBEN,2,JOHN RAMBO,RYAN MALONEY,TONY GOLLAN,3.2,62.585203655625854,-63.0
2023-06-29,KILCOY,8,SECRET MEMO,EMILY LANG,STEVEN O'DEA & MATTHEW HOYSTED,2.4,63.50590478641789,88.0
2023-07-02,SINGAPORE,3,FADABOY,S JAMIL,D LOGAN,6.0,93.04229949811742,465.0
2023-07-02,SINGAPORE,6,DELILAH,R STEWART,L KHOO,2.9,91.68365657083004,174.0
2023-07-03,MUSWELLBROOK,5,A SHOOTING DUCK,AARON BULLOCK,CODY MORGAN,1.75,57.605377155444785,43.0
2023-07-05,EAGLE FARM,2,JOHN RAMBO,RYAN MALONEY,TONY GOLLAN,1.28,59.976832190159016,16.0
2023-07-05,SANDOWN,3,BURNT ORANGE,BEN MELHAM,GAI WATERHOUSE & ADRIAN BOTT,8.0,54.02667530818944,-55.0
2023-07-06,PINJARRA,1,SUPER ROMANI,WILLIAM PIKE,DANIEL & BEN PEARCE,1.25,52.743747928455676,13.0
2023-07-06,WARWICK,7,MISS CINNAMONCIDER,EMILY LANG,PAT WEBSTER,3.9,51.678586644436855,-52.0
2023-07-08,CAULFIELD,8,SIGH,CARLEEN HEFEL,PETER G MOODY,7.0,61.65553567373543,369.0
2023-07-17,GOULBURN,4,SPEED OF LIGHT,JEAN VAN OVERMEIRE,MARK GEE,3.1,89.4707302865282,187.0
2023-07-19,IPSWICH,5,SHEEZASINGA,JAKE MOLLOY,CAITLIN JOHNSTONE,9.0,53.819285900181434,-54.0
2023-07-21,CARNARVON,3,MAJOR IMPACT,NATASHA FAITHFULL,COLIN HADDON,7.5,57.56095646823057,374.0
2023-07-25,NEWCASTLE,3,PLUSSEY,JENNY DUGGAN,JAKE HULL,101.0,57.93814044825122,5793.0
2023-07-25,PAKENHAM,7,DIESEL 'N' DUST,DAKOTAH KEANE,JASON WARREN,2.9,60.47561653525897,114.0
2023-07-29,TOOWOOMBA,2,HOT OR NOT,ALISHA DONALD,PAT WEBSTER,7.5,64.32307352759815,418.0
2023-07-29,NEWCASTLE,4,NIGHTINGALE,JEAN VAN OVERMEIRE,JAMES CUMMINGS,2.5,56.54674205264485,84.0
2023-07-29,NEWCASTLE,4,NIGHTINGALE,JEAN VAN OVERMEIRE,JAMES CUMMINGS,2.5,56.54674205264485,84.0
2023-07-30,MUSWELLBROOK,3,BULLBARROW,AARON BULLOCK,MATTHEW SMITH,1.45,66.1606515477286,29.0
2023-08-05,GOLD COAST,2,HADOUKEN,JAG GUTHMANN-CHEST,GABRIELLE ELLIS,1.75,56.42348153985854,42.0
2023-08-05,KEMBLA GRANGE,3,PUSHY,RORY HUTCHINGS,MICHAEL FREEDMAN,3.8,70.53917644954353,197.0
2023-08-05,KEMBLA GRANGE,3,PUSHY,RORY HUTCHINGS,MICHAEL FREEDMAN,3.8,70.53917644954353,197.0
2023-08-07,GOULBURN,1,OUR MARYANNE,DANNY BEASLEY,CLARRY CONNERS,4.0,57.89657404693196,-58.0
2023-08-19,TOOWOOMBA,1,THE RIGHT WAY,ALISHA DONALD,GREG WRIGHT,26.0,59.40368596054112,1485.0
2023-08-19,KATHERINE,3,LORD FENRIR,EMMA LINES,PHILIP COLE,1.75,54.75526643668117,-55.0
2023-08-19,GOLD COAST,4,IN MOTION,EMILY LANG,LANE SHARROCK,12.0,52.54527172716708,577.0
2023-08-23,SUNSHINE COAST,2,GOLD PRINCE,MICHAEL CAHILL,PATRICK BUSUTTIN,151.0,51.04158225739588,-52.0
2023-08-25,BEAUDESERT,2,BACK 'EM BLACK,NATHAN FAZACKERLEY,REBECCA MOLLICA,18.0,53.03303244434171,-54.0
2023-08-26,TOOWOOMBA,6,VERGE,EMILY LANG,MARK CURRIE,2.5,64.5470486188076,96.0
2023-08-29,DONALD,7,SOUTHERN GALE,SARAH FIELD,PATRICK KEARNEY,18.0,53.50606932334633,-54.0
2023-08-30,DOOMBEN,1,POWER FLASH,ANGELA JONES,TONY GOLLAN,6.5,51.35937980523423,-52.0
2023-09-10,DUBBO,6,SKYFORGER,RONALD SIMPSON,CLINT LUNDHOLM,3.7,52.558423264420206,-53.0
2023-09-13,BELMONT,1,TWAIN'S ANGEL,MADI DERRICK,SEAN & JAKE CASEY,10.0,52.17168976299791,-53.0
2023-09-14,KEMBLA GRANGE,3,RIFF ROCKET,KERRIN MCEVOY,CHRIS WALLER,5.5,59.90254872601923,269.0
2023-09-23,LONGREACH,5,BURDEN,EMMA BELL,CLINTON AUSTIN,5.5,52.578136403158894,236.0
2023-09-27,ROSEHILL,4,RIFF ROCKET,JASON COLLETT,CHRIS WALLER,2.6,56.10551860651908,-57.0
2023-09-30,MACKAY,2,AMRAP,JUSTIN STANLEY,CLINTON TAYLOR,1.6,59.56002268393535,35.0
2023-10-03,EMERALD,7,CRAIG AND HOFF,NIKKI OLZARD,CRAIG SMITH,5.0,58.180960062293416,232.0
2023-10-04,KALGOORLIE,2,PATRIOTISM,KESHAW DHURUN,PATRICK BERMINGHAM,19.0,53.23133786104476,-54.0
2023-10-08,ROCKHAMPTON,2,QUEEN ASSASSIN,JUSTIN STANLEY,NICK WALSH,1.55,73.54923265343942,40.0
2023-10-08,NORTHAM,3,THE BOSS LADY,CHRIS PARNHAM,MICHAEL LANE,1.95,56.89630109893038,54.0
2023-10-10,BARCALDINE,2,TELL THE WORLD,NIKKI OLZARD,DAVID REWALD,2.8,87.84741741286601,158.0
2023-10-13,CLONCURRY,7,SCARPA,DAN BALLARD,DENISE BALLARD,4.2,92.04966622199726,294.0
2023-10-15,BALLARAT,4,EIGHT MARTINIS,LINDA MEECH,CIARON MAHER & DAVID EUSTACE,8.5,56.43230804129432,-57.0
2023-10-21,WODONGA,1,DALHARRY,DANNY BEASLEY,CRAIG WIDDISON,6.0,51.781778267366526,258.0
2023-10-21,KEMBLA GRANGE,1,AETHELFLAED,GRANT BUCKLEY,MATTHEW SMITH,9.0,64.82154494113732,518.0
2023-10-21,CAULFIELD,2,RIFF ROCKET,JAMES MCDONALD,CHRIS WALLER,1.28,68.28734707132483,-69.0
2023-10-21,TURFFONTEIN,2,WITBLITS,J GATES,A PETER,2.3,92.78075179060448,120.0
2023-10-21,KEMBLA GRANGE,5,WRITTEN SILK,BRANDON LERENA,GERALD RYAN & STERLING ALEXIOU,2.9,65.65561585417512,124.0
2023-10-27,ROCKHAMPTON,4,DEVIL DEVIL,ASHLEY BUTLER,CLINTON TAYLOR,3.9,64.10707891413516,-65.0
2023-10-28,KEMBLA GRANGE,4,HEADS YOU LOSE,MITCHELL BELL,CHRIS WALLER,11.0,76.16769888662922,761.0
2023-10-28,MOONEE VALLEY,5,PROWESS,MARK ZAHRA,ROGER JAMES & ROBERT WELLWOOD,4.6,84.63874751432647,304.0
2023-10-28,MOONEE VALLEY,9,MR BRIGHTSIDE,CRAIG WILLIAMS,"BEN, WILL & JD HAYES",9.0,56.11661928373073,-57.0
2023-10-28,MOONEE VALLEY,10,SCHWARZ,JAMES MCDONALD,JOHN O'SHEA,4.2,53.551383962512325,-54.0
2023-11-02,GOSFORD,2,UNQUESTIONABLY,JASON COLLETT,CIARON MAHER & DAVID EUSTACE,3.8,59.8644269785708,167.0
2023-11-10,ALBURY,1,FIRST PLATOON,JASON LYON,ROB WELLINGTON,2.9,90.93904014183026,172.0
2023-11-11,WYONG,2,PRIMA BELLA,ASHLEY MORGAN,MATTHEW SMITH,2.1,56.375998271974304,62.0
2023-11-12,NARACOORTE,2,BATTLE ROYALE,JACOB OPPERMAN,AARON BAIN & NED TAYLOR,2.4,54.087736869685386,75.0
2023-11-22,WARWICK FARM,2,HEADS YOU LOSE,JAMES MCDONALD,CHRIS WALLER,2.6,77.68061380441307,124.0
2023-11-25,TOOWOOMBA,6,MAKIN' STATEMENTS,ALISHA DONALD,MATT KROPP,8.0,50.3862224295612,-51.0
2023-12-02,ROSEHILL,1,STORM BOY,TIM CLARK,GAI WATERHOUSE & ADRIAN BOTT,1.85,56.397825974742034,47.0
2023-12-02,NEWCASTLE,3,GOLD PATTERN,KEAGAN LATHAM,JOHN THOMPSON,2.5,51.788166908631794,77.0
2023-12-02,ALICE SPRINGS,3,SKILTON,IANISH LUXIMON,KEVIN LAMPRECHT,10.0,54.506504991877,490.0
2023-12-03,SUNSHINE COAST,4,MILTON ROAD,BRODIE LOY,MATTHEW DUNN,11.0,50.535390065939055,-51.0
2023-12-07,GOSFORD,2,LADY EXTREME,JAY FORD,BLAKE RYAN,5.5,53.801967567684436,242.0
2023-12-08,CANTERBURY,6,KAREDADA,NASH RAWILLER,ANGELA DAVIES,3.4,59.42137411942476,142.0
2023-12-08,SCONE,6,PIGGYBACK,ASHLEY MORGAN,CIARON MAHER & DAVID EUSTACE,10.0,53.015247423005285,-54.0
2023-12-09,ASCOT,1,SINFUL LIVING,WILLIAM PIKE,DANIEL & BEN PEARCE,5.0,52.64203528048458,-53.0
2023-12-13,PINJARRA,1,OBJECTIFY,BRAD PARNHAM,DANIEL MORTON,2.4,54.40766268197065,76.0
2024-01-01,SHA TIN,9,WUNDERBAR,JAMES MCDONALD,JOHN SIZE,10.0,56.60554928826349,509.0
2024-01-02,ROCKHAMPTON,1,POTESTAS,RAUL SILVERA OLIVE,MICHAEL & CHRISTINE DORE,4.2,53.36906176916685,-54.0
2024-01-05,CANTERBURY,2,TYCOON DESHAUNA,ADAM HYERONIMUS,GAI WATERHOUSE & ADRIAN BOTT,5.0,51.528634676236095,206.0
2024-01-05,ESPERANCE,8,ELECTRIC ROSE,JESSICA GRAY,DARRYN PATEMAN,41.0,53.25744134373556,-54.0
2024-01-06,GOLD COAST,2,BALASTIER,JAMES ORMAN,TONY GOLLAN,4.2,54.499093104791676,-55.0
2024-01-08,CAIRNS,6,STORMY LEGEND,RYAN WIGGINS,STEPHEN MASSINGHAM,1.4,72.59231672045034,29.0
2024-01-11,PENOLA,9,SIR SWAY,HARRY GRACE,SUE & JASON JAENSCH,4.0,52.13674358574539,156.0
2024-01-17,SANDOWN,1,YAHOO BAR,BLAIKE MCDOUGALL,LIAM HOWLEY,2.3,53.681566543296796,69.0
2024-01-17,SANDOWN,5,ANOTHER WIL,JAMIE KAH,CIARON MAHER & DAVID EUSTACE,1.4,58.36204954387253,23.0
2024-01-21,SCONE,3,SWIFTWATER,CHELSEA HILLIER,RODNEY NORTHAM,5.5,86.2535290774048,388.0
2024-01-25,WANGARATTA,6,ANDOUILLETTE,THOMAS STOCKDALE,ANTHONY & SAM FREEDMAN,1.95,73.00948268976299,69.0
2024-01-26,DARWIN,4,BARRAGUNDA,JARROD TODD,GARRY LEFOE,9.0,54.876727258882575,439.0
2024-01-27,IPSWICH,1,HOT OR NOT,EMILY LANG,UNKOWN,3.7,51.93291262458868,-52.0
2024-01-27,SUNSHINE COAST,2,LEAD ME ON,MICHAEL RODD,UNKOWN,1.75,53.09100198092007,-54.0
2024-01-27,NEWCASTLE,2,UNUSUAL LEGACY,LEE MAGORRIAN,UNKOWN,1.55,50.66328726523632,27.0
2024-01-28,MOUNT BARKER,7,BEAU ZOOM,NATASHA FAITHFULL,REBECCA BAYLISS,7.0,50.20458510458088,-51.0
2024-02-02,SUNSHINE COAST,2,DIVINE GEM,CHRIS MEEHAN,BRENDAN JONES,2.3,50.37337462185455,-51.0
2024-02-02,MOONEE VALLEY,4,JENNIVAMOOSE,DECLAN BATES,ANDREW NOBLET,10.0,51.30159823030215,-52.0
2024-02-03,NEWCASTLE,8,PERENNIAL,AARON BULLOCK,UNKOWN,2.2,67.25505651807185,80.0
2024-02-05,DUBBO,7,COMPELLING TRUTH,JAKE PRACEY-HOLMES,MACK GRIFFITH,4.0,55.55512519975488,166.0
2024-02-09,COLAC,1,ROCKABOTTLE,ARRON LYNCH,UNKOWN,5.0,62.798074667151326,-63.0
2024-02-10,ALICE SPRINGS,4,GUNNERSIDE,SONJA LOGAN,UNKOWN,71.0,56.5768606273847,-57.0
2024-02-16,TAMWORTH,8,LAST FRONTIER,AARON BULLOCK,CODY MORGAN,1.8,52.76692907728786,42.0
2024-02-17,FLEMINGTON,7,RIFF ROCKET,CRAIG WILLIAMS,CHRIS WALLER,7.0,50.860274658873514,305.0
2024-02-19,ESPERANCE,2,UNCOMPROMISED,NATASHA FAITHFULL,HELEN HARDING,1.9,50.84302397592887,45.0
2024-02-19,CAIRNS,5,AVERAGE JANE,RYAN WIGGINS,GEORGIE HOLT,1.15,51.90658331557021,-52.0
2024-02-23,MACKAY,2,FIGHTING COMMANDO,RYAN WIGGINS,RICKY VALE,4.0,61.06711890498262,-62.0
2024-02-23,CANBERRA,2,SUTTON VELLA,DAMON BUDLER,GRATZ VELLA,5.0,51.998680930165285,-52.0
2024-02-23,CANBERRA,7,ENTER THE DRAGON,LOUIS BEUZELIN,GAI WATERHOUSE & ADRIAN BOTT,8.5,54.48230710440875,-55.0
2024-02-24,GOLD COAST,1,WASABI KICK,EMILY LANG,PETER ROBL,6.0,58.129443351656185,290.0
2024-02-28,SANDOWN,5,THE BIG KAHUNA,TOM MADDEN,PAUL PREUSKER,0.0,65.8934760777268,-66.0
2024-02-29,ARARAT,1,FOLLOWING SEA,AARON KURU,TONY & CALVIN MCEVOY,2.5,57.69846220918341,86.0
2024-02-29,KEMBLA GRANGE,6,SPANISH FOX,TOM SHERRY,MICHAEL FREEDMAN,7.0,54.880946748444984,-55.0
2024-03-02,GOLD COAST,7,FULLHAM,NOEL CALLOW,TOBY EDMONDS,1.65,55.810163649261376,-56.0
2024-03-02,RANDWICK,8,TROPICAL SQUALL,ADAM HYERONIMUS,GAI WATERHOUSE & ADRIAN BOTT,8.0,54.39356082014205,380.0
2024-03-03,SHA TIN,7,HELIOS EXPRESS,HUGH BOWMAN,JOHN SIZE,10.0,50.884446921012675,457.0
2024-03-04,YORK,2,HEYFIELD BOOMER,LAQDAR RAMOLY,MACK HALL,5.0,55.807567226946595,223.0
2024-03-06,BALAKLAVA,2,GOTTA GO GURU,JASON HOLDER,UNKOWN,2.3,53.52337069359403,-54.0
2024-03-07,KYNETON,1,WAR MACHINE,DECLAN BATES,MICHAEL MORONEY,6.0,52.58300997007629,262.0
2024-03-10,ALBANY,1,WARRALEA LASS,SHAUN MCGRUDDY,STEVE WOLFE,9.5,53.287803175233165,-54.0
2024-03-12,WARRNAMBOOL,5,STAR OF TAVISTOCK,DEAN YENDALL,SYMON WILDE,7.0,51.81188997794863,310.0
2024-03-12,GOULBURN,6,RIPPING MISSILE,LOUIS BEUZELIN,GAI WATERHOUSE & ADRIAN BOTT,34.0,51.26421913143263,-52.0
2024-03-15,TOWNSVILLE,6,YES DREAM,RYAN WIGGINS,MICHAEL LEE,5.5,53.654818107137814,-54.0
2024-03-16,CAULFIELD,8,MR BRIGHTSIDE,CRAIG WILLIAMS,"BEN, WILL & JD HAYES",2.0,50.34776999398969,-51.0
2024-03-17,ALICE SPRINGS,4,EXCUSES EXCUSES,STAN TSAIKOS,LISA WHITTLE,2.7,60.005090635235405,-61.0
2024-03-19,KYNETON,1,SIRVEKE,WILL GORDON,PATRICK PAYNE,2.6,53.31402030344172,85.0
2024-03-19,HAWKESBURY,2,DREAMS OF THUNDER,MITCHELL BELL,RODNEY BAILEY,4.6,50.31862765167989,-51.0
2024-03-21,IPSWICH,4,RUPERT'S HOUSE,JUSTIN HUXTABLE,JACK BRUCE,14.0,52.779559002811816,-53.0
2024-03-23,GOLD COAST,5,FULLHAM,NOEL CALLOW,TOBY EDMONDS,2.3,56.33470617971813,73.0
2024-03-23,KEMBLA GRANGE,7,BRIASA,MITCHELL BELL,"MICHAEL, WAYNE & JOHN HAWKES",3.7,58.50256450990852,157.0
2024-04-01,IPSWICH,4,SHE DELIVERS,ANGELA JONES,TONY GOLLAN,51.0,51.3727857188331,-52.0
2024-04-04,GOSFORD,3,MONEY TEAM,ZAC LLOYD,MICK PRICE & MICHAEL KENT (JNR),6.0,51.69682710710056,-52.0
2024-04-05,ROCKHAMPTON,2,ASTRA STAR,JUSTIN HUXTABLE,GRAEME GREEN,4.0,59.31542648692272,-60.0
2024-04-06,GOLD COAST,3,FULLHAM,NOEL CALLOW,UNKOWN,1.15,54.59333840434153,8.0
2024-04-06,TOOWOOMBA,5,UCHI,EMILY LANG,UNKOWN,18.0,53.02401943334863,901.0
2024-04-06,ASCOT,6,SINFUL LIVING,NATASHA FAITHFULL,UNKOWN,26.0,51.19978096503874,-52.0
2024-04-06,RANDWICK,9,RIFF ROCKET,JAMES MCDONALD,UNKOWN,2.25,58.36319302399159,72.0
2024-04-13,FUNABASHI,2,GAURI SHANKAR,RYOUMA KIMATSUKA,Y YANO,2.4,51.53506220277928,72.0
2024-04-13,FUNABASHI,4,KLINGLER,YOSHIKI YAMADA,TAKAYUKI YAMASHITA,4.8,87.96646694951046,334.0
2024-04-13,TOOWOOMBA,6,SHE DELIVERS,JUSTIN HUXTABLE,TONY GOLLAN,5.0,55.767572635810026,223.0
2024-04-13,FUNABASHI,7,SAMMARU SHIP,NORIFUMI MIKAMOTO,MASAKAZU KAWASHIMA,1.15,91.74260376005934,13.0
2024-04-13,RANDWICK,8,VIA SISTINA,JAMES MCDONALD,CHRIS WALLER,1.85,55.142808665659494,-56.0
2024-04-17,CAULFIELD HEATH,3,STEEL RUN,ETHAN BROWN,MICHAEL KENT,9.5,50.568632730679475,429.0
2024-04-17,DOOMBEN,4,ITALIAN RIVIERA,MICHAEL RODD,STUART KENDRICK,10.0,54.82508671438777,493.0
2024-04-25,TURFFONTEIN,2,COSMIC SPEED,RICHARD FOURIE,SEAN TARRY,1.4,89.29125554216128,35.0
2024-04-25,TURFFONTEIN,3,FROZEN FANTASY,K MATSUNYANE,R KLAASEN,21.0,51.62079867232675,1032.0
2024-04-25,TOKYO CITY KEIBA,4,RAVISH,TAITO MORI,TAKAKAZU SASO,8.5,90.21611897617521,676.0
2024-04-26,MORUYA,4,MIGHTY MYRTLE,JACK MARTIN,KEITH DRYDEN,5.0,53.66198909941634,-54.0
2024-04-28,SHA TIN,8,ROMANTIC WARRIOR,JAMES MCDONALD,DANNY SHUM,10.0,57.993518471791084,521.0
2024-04-29,MORNINGTON,8,DON RUBIO,JORDAN CHILDS,CHRIS WALLER,10.0,65.62635906425778,-66.0
2024-05-02,WAGGA,2,HULM,JASON LYON,ROSS PURCELL,6.0,57.922582997100335,289.0
2024-05-03,ECHUCA,1,GAME AS NED,BILLY EGAN,PATRICK PAYNE,2.7,54.873884241692885,93.0
2024-05-03,WAGGA,6,INVINCIBLE SPY,RACHEL KING,GAI WATERHOUSE & ADRIAN BOTT,6.5,51.426611518275145,282.0
2024-05-06,GUNNEDAH,6,VILLA TREVILLE,MILLIE THOMPSON,STEPHEN JONES,10.0,56.14373950698677,-57.0
2024-05-09,WARWICK,2,VONCOSTENUFF,JUSTIN HUXTABLE,MARK CURRIE,3.5,51.53813720369029,-52.0
2024-05-10,TAMWORTH,1,BOLT AWAY NOW,AARON BULLOCK,ZACH HATCH,5.5,53.07559384641297,238.0
2024-05-10,TAMWORTH,9,VILLA TREVILLE,MILLIE THOMPSON,STEPHEN JONES,3.4,50.920153820603595,122.0
2024-05-11,IPSWICH,3,THIS'LLBETHEONE,CODY COLLIS,UNKOWN,4.8,51.26075643825965,194.0
2024-05-11,SHA TIN,3,KA YING VICTORY,ALEXIS BADEL,UNKOWN,10.0,53.80726860887395,484.0
2024-05-12,BALLARAT,8,DON RUBIO,JORDAN CHILDS,CHRIS WALLER,4.6,58.332783504808674,209.0
2024-05-16,WANGARATTA,2,DALHART,JAKE DUFFY,VINCENT NOLEN,3.4,50.72864831860273,-51.0
2024-05-23,ROCKHAMPTON,2,PLAYED,SAMANTHA COLLETT,NATALIE MCCALL,8.0,88.94359528689503,622.0
2024-05-25,NEWCASTLE,2,BENT AS HELL,KEAGAN LATHAM,RODNEY OLLERTON,5.0,56.28063399913774,-57.0
2024-05-26,SUNSHINE COAST,2,PEACE CENTRE,CRAIG WILLIAMS,ANTHONY & SAM FREEDMAN,2.1,68.39865860734328,75.0
2024-06-01,WERRIBEE,2,RUNAWAY SOUL,JARROD FRY,DANNY O'BRIEN,3.1,54.33127328256306,114.0
2024-06-04,BENDIGO,4,RESERVE BANK,LUKE CURRIE,MICK PRICE & MICHAEL KENT (JNR),3.3,56.2779529171539,129.0
2024-06-05,SANDOWN,3,LOTUS TOWER,BLAKE SHINN,LEON & TROY CORSTENS,4.4,50.37062178727211,171.0
2024-06-07,SWAN HILL,7,PINTOFF,JOHN ALLEN,CIARON MAHER,11.0,56.20355026149353,-57.0
2024-06-08,GOLD COAST,4,YISHAY,BORIS THORNTON,NICOLE LUKE,8.0,53.581030643563174,375.0
2024-06-08,SHA TIN,4,THE WINNABE,HUGH BOWMAN,JOHN SIZE,10.0,56.116603148482646,505.0
2024-06-08,GOLD COAST,4,YISHAY,BORIS THORNTON,NICOLE LUKE,8.0,53.581030643563174,375.0
2024-06-11,SCONE,1,CLEAR THINKING,AARON BULLOCK,PAUL MESSARA & LEAH GAVRANICH,1.5,61.619247003689146,30.0
2024-06-13,NORTHAM,1,JOKERS GRIN,PATRICK CARBERY,BERNIE MILLER,2.5,73.51459028371659,110.0
2024-06-13,NORTHAM,4,PETROUCHKA,WILLIAM PIKE,GRANT & ALANA WILLIAMS,1.4,56.23592260097276,22.0
2024-06-15,EAGLE FARM,3,MEGASTAR HEART,JAMES MCDONALD,ANNABEL NEASHAM,3.1,78.00634058694752,163.0
2024-06-15,GOLD COAST,3,BREMERS,NOEL CALLOW,TOBY EDMONDS,4.2,67.56215249050503,216.0
2024-06-15,NEWCASTLE,4,FLYING THINKER,MITCHELL BELL,PETER & PAUL SNOWDEN,1.5,51.564939714513756,25.0
2024-06-15,EAGLE FARM,6,BROADSIDING,JAMES MCDONALD,JAMES CUMMINGS,1.6,56.45307894555097,33.0
2024-06-15,TOOWOOMBA,7,LIGHTNING RAGE,GEORGINA CARTWRIGH,MARK CURRIE,3.2,52.05830445426594,114.0
2024-06-20,WANGARATTA,1,MILBRAE,JAMIE MOTT,"BEN, WILL & JD HAYES",2.7,57.72987277403408,-58.0
2024-06-20,WANGARATTA,5,GUARDED OPTIMIST,BEN ALLEN,ANTHONY & SAM FREEDMAN,2.5,53.68489292733442,80.0
2024-06-21,GEELONG,2,TREASURETHE MOMENT,BEAU MERTENS,MATT LAURIE,1.85,61.91308093588393,52.0
2024-06-23,SCONE,2,PRIDE TO FOLLOW,MITCHELL BELL,BRETT CAVANOUGH,4.0,50.17346421900788,150.0
2024-06-23,WARRNAMBOOL,4,LEADERBOARD,AARON KURU,MARK WALKER,1.75,51.55613055070569,38.0
2024-06-23,KALGOORLIE,7,DEBONNAIRE,VICTORIA CORVER,FIONA J SCOTT,2.5,50.37990412310981,75.0
2024-06-26,HAPPY VALLEY,6,PACKING HERMOD,ZAC PURTON,K W LUI,10.0,66.12686019036578,595.0
2024-06-29,NEWCASTLE,3,BITTEN BY BARRY,BRANDON LERENA,GERALD RYAN & STERLING ALEXIOU,6.5,85.05408488984956,467.0
2024-06-29,GOLD COAST,3,FLAMINGO BEACH,CODY COLLIS,LINDSAY GOUGH,4.8,51.66988794743168,196.0
2024-06-29,FUNABASHI,4,PROUD FLEUR,TAKAYUKI YANO,MASAKAZU KAWASHIMA,1.18,91.12397256704521,16.0
2024-06-29,FUNABASHI,5,SEISHO FUJI,MASASHIGE HONDA,YASUHIDE YONEYA,3.1,89.71394761796722,188.0
2024-07-02,TOWNSVILLE,6,ARTIE'S LAD,ASHLEY BUTLER,FRED WIELAND,2.2,53.313242114757585,-54.0
2024-07-05,GOULBURN,1,BRUNO BRUNO,ANDREW ADKINS,STEPHEN O'HALLORAN,34.0,50.91451201698902,-51.0
2024-07-14,BALLARAT,1,EVAPORATE,BLAKE SHINN,"BEN, WILL & JD HAYES",1.3,59.095871003522404,-60.0
2024-07-20,MILDURA,1,REBEL EXE,BRAD RAWILLER,LINDSEY SMITH,2.0,68.5283152070605,68.0
2024-07-20,GOLD COAST,2,FIVE STAR VIXEN,JAI WILLIAMS,JAY BELLAMY,4.8,52.67379698528073,200.0
2024-07-22,SEYMOUR,2,HEAVING,LIAM RIORDAN,ANTHONY & SAM FREEDMAN,5.5,61.542560116348724,-62.0
2024-07-25,WYONG,3,SPANISH FOX,KEAGAN LATHAM,MICHAEL FREEDMAN,2.0,57.074664910728245,-58.0
2024-07-25,BUNBURY,7,BE BARDOT,WILLIAM PIKE,GRANT & ALANA WILLIAMS,2.0,58.206305184760645,-59.0
2024-07-28,TOWNSVILLE,1,UNDERRATED,JUSTIN STANLEY,CLINTON TAYLOR,4.2,57.260939863731,-58.0
2024-07-28,TOWNSVILLE,4,SPEED LEGEND,LACEY MORRISON,ROY CHILLEMI,1.7,55.65395300666549,38.0
2024-07-30,ROCKHAMPTON,1,POWER OF KATIE,WARWICK SATHERLEY,JOHN WIGGINTON,2.8,59.775513437950266,107.0
2024-08-03,BELMONT,2,THINK OF GOD,WILLIAM PIKE,MITCHELL PATEMAN,3.8,53.83512407959737,-54.0
2024-08-04,SUNSHINE COAST,3,THAT'S AN EXTRA,LES TILLEY,PAT WEBSTER,4.0,61.267459936864824,-62.0
2024-08-04,SANDOWN,4,LEADERBOARD,AARON KURU,MARK WALKER,14.0,53.35569959967658,-54.0
2024-08-04,WYONG,5,PRINCE OF SORTS,REECE JONES,ALLAN KEHOE,2.8,54.46395206623198,-55.0
2024-08-09,GEELONG,6,KING ZEPHYR,MICHAEL DEE,GRAHAME BEGG,2.5,68.91277664891679,-69.0
2024-08-10,MORPHETTVILLE,5,A SAMURAI MIND,JAKE TOEROEK,DAN CLARKEN & OOPY MACGILLIVRAY,2.7,51.55635667804954,-52.0
2024-08-17,ROSEHILL,1,AUTUMN GLOW,TYLER SCHILLER,CHRIS WALLER,3.1,61.5015300115331,129.0
2024-08-28,SUNSHINE COAST,1,TUFF TU MUS,TIFFANI BROOKER,DAVID VANDYKE,8.5,65.31622463274418,-66.0
2024-08-31,DARWIN,1,EXTREME EMOTION,JARROD TODD,GARY CLARKE,9.0,55.91594039797584,-56.0
2024-08-31,WARRACKNABEAL,2,TOCHKA,LINDA MEECH,TONY & CALVIN MCEVOY,1.75,56.575608103608666,42.0
2024-08-31,BELMONT,6,WATCH ME ROCK,WILLIAM PIKE,GRANT & ALANA WILLIAMS,3.7,50.985231988127225,137.0
2024-08-31,CAULFIELD,9,MR BRIGHTSIDE,CRAIG WILLIAMS,"BEN, WILL & JD HAYES",2.6,59.14092921887754,-60.0
2024-09-07,HAWKESBURY,2,MIAMI BABY,ANDREW GIBBONS,KRIS LEES,10.0,50.45096850729836,-51.0
2024-09-07,HAWKESBURY,5,PINITO,JEAN VAN OVERMEIRE,JAMES CUMMINGS,1.45,57.578386813741176,25.0
2024-09-09,BAIRNSDALE,2,HEAVING,JYE MCNEIL,ANTHONY & SAM FREEDMAN,1.75,54.63282795058878,40.0
2024-09-11,HAPPY VALLEY,3,PACKING POWER,ZAC PURTON,DANNY SHUM,10.0,73.81923324893216,664.0
2024-09-13,CAIRNS,2,MISS RAMBLER,RYAN WIGGINS,STEPHEN MASSINGHAM,7.5,61.461176900328894,399.0
2024-09-14,DARWIN,5,MAGNETIC TYCOON,JARROD TODD,GARY CLARKE,4.0,51.37564802532535,154.0
2024-09-15,NORTHAM,5,PETITE VITESSE,WILLIAM PIKE,SIMON A MILLER,6.5,50.108107288340975,-51.0
2024-09-18,DOOMBEN,2,ACAPPELLA NOVA,EMILY LANG,TONY GOLLAN,9.0,70.8095496715092,-71.0
2024-09-21,WAGGA,2,KERMANDIE RIVER,NICK HEYWOOD,DARRELL BURNET,7.5,61.774308570277036,401.0
2024-09-21,WAGGA,6,LADY ROZAY,JOSH RICHARDS,ROSS PURCELL,26.0,50.23889185445596,-51.0
2024-09-26,NORTHAM,5,WITH DISCRETION,WILLIAM PIKE,MICHAEL GRANTHAM,2.15,51.26517358016402,58.0
2024-09-29,BUNBURY,5,MYSTERY MINUTE,WILLIAM PIKE,MICHAEL GRANTHAM,6.0,53.29516942332769,-54.0
2024-09-30,MOE,1,ELECTRIC TOMMY,JAMIE MOTT,ANTHONY & SAM FREEDMAN,2.9,51.03031133507212,96.0
2024-09-30,WAGGA,5,KERMANDIE RIVER,NICK HEYWOOD,DARRELL BURNET,2.6,61.8274437554564,98.0
2024-10-01,SHA TIN,7,STOLTZ,ZAC PURTON,K W LUI,10.0,52.71176504306106,-53.0
2024-10-01,SHA TIN,9,PACKING POWER,ZAC PURTON,DANNY SHUM,10.0,64.23555825291807,578.0
2024-10-02,CRANBOURNE,1,ESTERNAY,MICHAEL DEE,MARK WALKER,9.5,51.945217154390164,-52.0
2024-10-02,EAGLE FARM,2,FLYING AURELIUS,JAMES ORMAN,BARRY LOCKWOOD,2.3,54.766165663043495,71.0
2024-10-02,EAGLE FARM,3,ACAPPELLA NOVA,ANGELA JONES,TONY GOLLAN,3.1,72.79628980122422,152.0
2024-10-02,KALGOORLIE,4,PLEASE MIZTER,LUCY FIORE,PETER FERNIE,5.0,50.47185626292829,-51.0
2024-10-03,IPSWICH,1,CHAMIERRO,MARTIN HARLEY,CHRIS & COREY MUNCE,1.75,62.07104247032851,46.0
2024-10-04,DUBBO,2,BULLION HUNTER,JAKE PRACEY-HOLMES,CAMERON CROCKETT,2.8,50.74587067988359,-51.0
2024-10-05,NEWCASTLE,1,ALICE MAE,JEAN VAN OVERMEIRE,ANGELA DAVIES,3.3,51.173447484278626,117.0
2024-10-06,NORTHAM,4,HAIDA GWAII,LUCY FIORE,MICHAEL LANE,2.25,61.5302382616975,-62.0
2024-10-09,DOOMBEN,2,TUFF TU MUS,JAMES ORMAN,DAVID VANDYKE,2.25,69.95754928242279,87.0
2024-10-09,BUNBURY,4,STORYVILLE,WILLIAM PIKE,GRANT & ALANA WILLIAMS,2.25,60.62666145085891,75.0
2024-10-09,HAPPY VALLEY,6,SWIFT ASCEND,ZAC PURTON,DAVID EUSTACE,10.0,54.11895039359587,487.0
2024-10-13,SHA TIN,8,JUBILANT WINNER,ZAC PURTON,JAMIE RICHARDS,10.0,52.39513020687484,-53.0
2024-10-14,TAMWORTH,4,PERENNIAL,AARON BULLOCK,PAUL MESSARA & LEAH GAVRANICH,1.45,68.92683431885344,31.0
2024-10-17,NORTHAM,4,BELTA OF A SONG,WILLIAM PIKE,BRENDON FITZ-GERALD,4.0,50.72196446214399,152.0
2024-10-18,PAKENHAM,1,CASTELLAR,JAMIE MOTT,ROBBIE LAING,2.7,51.0725671251967,86.0
2024-10-19,TURFFONTEIN,2,RONDEBOSCH,GAVIN LERENA,SEAN TARRY,1.55,53.014041964822844,29.0
2024-10-19,WODONGA,2,THEO FIVE,JAKE DUFFY,DAVID O'PREY,8.5,51.90465494281731,389.0
2024-10-26,ASCOT,1,STRIDEAWAY,LAQDAR RAMOLY,NEVILLE PARNHAM,7.5,85.66596672255807,556.0
2024-10-26,YARRA VALLEY,2,DISTANT DREAM,JARROD FRY,JOHN GILLIGAN,12.0,51.464276788978644,-52.0
2024-10-26,GOLD COAST,4,SHADYVALE STORM,KIRK MATHESON,PAUL BUTTERWORTH,5.0,50.885847842437634,-51.0
2024-10-26,GOLD COAST,4,SHADYVALE STORM,KIRK MATHESON,PAUL BUTTERWORTH,5.0,50.885847842437634,-51.0
2024-10-26,MOONEE VALLEY,9,VIA SISTINA,JAMES MCDONALD,CHRIS WALLER,5.0,58.80524308658125,235.0
2024-10-26,MOONEE VALLEY,9,MR BRIGHTSIDE,CRAIG WILLIAMS,"BEN, WILL & JD HAYES",7.0,57.29458431497768,-58.0
2024-10-31,WYONG,1,TOP SECRET,ADAM HYERONIMUS,GAI WATERHOUSE & ADRIAN BOTT,6.5,50.50950738149431,-51.0
2024-11-04,BALLARAT,8,CLEO CAT,JORDYN WEATHERLEY,TOM DABERNIG,1.9,70.3614628618552,63.0
2024-11-05,VAAL,1,SONIC JET,K MATSUNYANE,COERIE LENSLEY,1.35,85.95978426198201,30.0
2024-11-05,HOBART,3,NAVARRE RIVER,ANTHONY DARMANIN,IMOGEN MILLER,6.0,84.59767863032174,422.0
2024-11-05,VAAL,3,FROZEN FANTASY,K MATSUNYANE,R KLAASEN,6.0,54.21306285042863,-55.0
2024-11-05,GOLD COAST,3,WHOMSONEVER,SARIAH CHAMPKIN,KURT GOLDMAN,5.5,52.46983456257877,236.0
2024-11-05,ASCOT,4,NONESOSPICY,WILLIAM PIKE,SEAN & JAKE CASEY,3.6,66.03238143653336,171.0
2024-11-07,NORTHAM,1,BLACK ORA,WILLIAM PIKE,ADAM DURRANT,2.5,75.06150280067278,112.0
2024-11-11,MOUNT ISA,5,JUST STOP IT,CHLOE LOWE,TANYA PARRY,1.5,64.91779320429303,32.0
2024-11-12,QUEANBEYAN,3,LOVE BY STRAAND,JESS TAYLOR,JOE CLEARY,2.7,57.221904466544224,97.0
2024-11-16,ASCOT,8,REPOSSESSION,BRAD PARNHAM,CHRIS & MICHAEL GANGEMI,6.5,51.54253701211301,-52.0
2024-11-20,BALAKLAVA,1,DAISYDOO,KAYLA CROWTHER,JUSTIN PICKERING,10.0,51.57195328390443,-52.0
2024-11-23,TURFFONTEIN,4,HAPPY MO,R VENNIKER,J A JANSE VAN VUUREN,2.9,85.58875598779693,162.0
2024-11-23,MORPHETTVILLE,5,WATCHME WIN,JASON HOLDER,ANDREW GLUYAS,2.1,55.63329627436997,-56.0
2024-11-23,WYONG,6,MISS TRENTINO,OLIVIA CHAMBERS,BJORN BAKER,2.0,66.4621943573062,-67.0
2024-11-23,WYONG,7,REVOLT,SAM CLIPPERTON,GERALD RYAN & STERLING ALEXIOU,3.4,70.99093735254256,170.0
2024-11-24,SUNSHINE COAST,2,BOOMING BIANCA,BRANDON LERENA,TOBY EDMONDS & STEPHEN MCLEAN,6.5,68.61942723731536,377.0
2024-11-24,STRATHALBYN,2,GOLD SPY,JAKE TOEROEK,DAVID JOLLY,2.9,50.85729809143863,-51.0
2024-11-24,KILMORE,4,SCOTTIE'S LEGACY,BLAKE SHINN,MARK WALKER,1.65,57.39228633616247,37.0
2024-11-26,TAMWORTH,4,TRITI,AARON BULLOCK,PAUL MESSARA & LEAH GAVRANICH,1.8,89.8809236750531,71.0
2024-11-27,GEELONG,3,CILACAP,ZAC SPAIN,GRAHAME BEGG,3.0,53.20601449769531,106.0
2024-11-28,TOWNSVILLE,1,CARE TAKER,ASHLEY BUTLER,GEORGIE HOLT,1.75,51.28466511040224,38.0
2024-11-28,HAWKESBURY,3,SHAMBRETTA,KERRIN MCEVOY,JOHN O'SHEA & TOM CHARLTON,2.8,55.30550897076415,-56.0
2024-11-28,BALLINA,7,WALSH BAY,MICHAEL CAHILL,CHRIS & COREY MUNCE,6.5,51.43836524345654,-52.0
2025-01-01,TERANG,4,MAJOR SHARE,TOM MADDEN,ADAM CHAMBERS,1.25,61.58627088045873,15.0
2025-01-01,MORNINGTON,8,MRS ARTIE,STEPHANIE HATELEY,JEROME HUNTER,6.0,50.92430437422982,254.0
2025-01-04,KEMBLA GRANGE,3,HEESEN,JEAN VAN OVERMEIRE,MICHAEL FREEDMAN,3.7,61.547231982108066,166.0
2025-01-04,KEMBLA GRANGE,5,MAGIC STALKER,MOLLIE FITZGERALD,ANNABEL NEASHAM & ROB ARCHIBALD,1.55,89.87814163932852,49.0
2025-01-08,OAKBANK,1,REBEL JOHNNY,JASON HOLDER,PETER HARDACRE,8.0,61.95582564478227,-62.0
2025-01-08,MORNINGTON,1,MARY ELIZA,ZAC SPAIN,PETER G MOODY & KATHERINE COLEMAN,3.7,61.5945717005827,166.0
2025-01-08,MORNINGTON,2,TONKIN,BLAKE SHINN,ANTHONY & SAM FREEDMAN,1.3,56.9666311164848,17.0
2025-01-08,ASCOT,3,BARRA MUNDY,LUCY FIORE,TED MARTINOVICH,4.2,54.49319360603213,-55.0
2025-01-16,SEYMOUR,1,BLISS BOMB,ZAC SPAIN,LLOYD KENNEWELL & LUCY YEOMANS,4.2,88.88136048046516,284.0
2025-01-16,BEAUDESERT,2,BECCA,JAMES ORMAN,DAVID VANDYKE,2.6,87.72388196687358,140.0
2025-01-16,SEYMOUR,2,SPILLANE,JOE BOWDITCH,GRAHAME BEGG,2.7,79.66237004567483,135.0
2025-01-19,PORT MACQUARIE,1,BATTLE HYMN,ASHLEY MORGAN,BJORN BAKER,2.0,65.71081997590514,-66.0
2025-01-19,MORNINGTON,1,SO BRAVE,DANIEL STACKHOUSE,JOHN LEEK (JNR),2.2,53.307469571519825,63.0
2025-01-22,ASCOT,1,YORGA PRIDE,CLINT JOHNSTON-POR,GRANT & ALANA WILLIAMS,1.6,88.20184736289883,52.0
2025-01-22,MORNINGTON,1,BELLE DETELLE,DAMIAN LANE,CHRIS WALLER,10.0,55.95415586480339,-56.0
2025-01-24,MOONEE VALLEY,2,ISN'T THAT IRONIC,MICHAEL DEE,STEPHEN BROWN,41.0,50.58390583728354,-51.0
2025-01-24,PORT MACQUARIE,6,BODHI BOY,BEN LOOKER,LYNDALL OLSON,2.4,61.18898472665693,85.0
2025-01-25,KENILWORTH,1,WILD WILD GREEN,GRANT VAN NIEKERK,JUSTIN SNAITH,5.0,89.31603565243606,357.0
2025-01-25,KENILWORTH,3,RAINBOW LORIKEET,ALDO DOMEYER,C L BASS-ROBINSON,6.0,87.76962382363843,438.0
2025-01-27,DOOMBEN,2,AKERMANIS,JAMES ORMAN,TONY GOLLAN,3.4,89.84897022483985,215.0
2025-01-27,PINJARRA,3,AMAMUS,BRAD PARNHAM,STEPHEN MILLER,4.8,58.32159754443613,-59.0
2025-01-28,HORSHAM,3,LADY PRANCELOT,LINDA MEECH,TOM DABERNIG,2.8,87.52081343788483,157.0
2025-01-29,SANDOWN,5,POP AWARD,BLAKE SHINN,LYN TOLSON & LEONIE PROCTOR,2.0,57.405170167635866,57.0
2025-01-29,SANDOWN,6,SEPALS,JAMIE MOTT,CLIFF BROWN,2.4,50.93026758547604,71.0
2025-01-30,ROCKHAMPTON,3,DREAM STEP,GEORGINA CARTWRIGH,GARNETT TAYLOR,1.7,66.05348221171577,46.0
2025-01-30,ASCOT,4,EIGHTY MILE BEACH,CLINT JOHNSTON-POR,DANIEL MORTON,10.0,58.6834403395497,-59.0
2025-01-31,WERRIBEE,2,ROCKET BOOSTERS,LINDA MEECH,LINDA MEECH,2.6,62.161668220570434,99.0
2025-01-31,SUNSHINE COAST,3,SCRIPTUS VIVACE,NIKITA BERIMAN,LIAM BIRCHLEY,2.4,88.80206999809015,124.0
2025-01-31,SHA TIN,8,PACKING HERMOD,ZAC PURTON,K W LUI,10.0,60.000773898154414,-61.0
2025-02-03,ASCOT,2,BARRA MUNDY,BRAD PARNHAM,TED MARTINOVICH,2.6,50.15998770183858,80.0
2025-02-03,ASCOT,4,EIGHTY MILE BEACH,CLINT JOHNSTON-POR,DANIEL MORTON,6.0,58.6834403395497,293.0
2025-02-05,HAPPY VALLEY,3,SKY JEWELLERY,HUGH BOWMAN,JOHN SIZE,10.0,57.08023553121665,-58.0
2025-02-08,TUMUT,1,RELIABLE DIAMOND,JAKE DUFFY,CRAIG WEEDING,2.5,59.10579823658,88.0
2025-02-10,CAULFIELD HEATH,2,LEONCHROI,BLAKE SHINN,MICK PRICE & MICHAEL KENT (JNR),3.2,53.25453457420386,117.0
2025-02-13,SAPPHIRE COAST,1,NAGADEC,PIERRE BOUDVILLAIN,MARK GEE,2.7,51.536845945505405,87.0
2025-02-13,PAKENHAM,4,VIVACISSIMO,MICHAEL DEE,"BEN, WILL & JD HAYES",31.0,53.452464663782436,-54.0
2025-02-15,MORPHETTVILLE,2,SERINITE ILLUSION,BEN PRICE,SOPHIE LOGAN,21.0,55.11991612781229,-56.0
2025-02-15,CAIRNS,6,SATISFIED MUGS,ASHLEY BUTLER,GEORGIE HOLT,1.4,54.55250521685241,21.0
2025-02-15,RANDWICK,8,VIA SISTINA,KERRIN MCEVOY,CHRIS WALLER,2.0,51.9319213360521,-52.0
2025-02-18,NEWCASTLE,1,ROSE OF DUBAI,REECE JONES,MARK MINERVINI,4.2,62.098268208199855,-63.0
2025-02-20,PAKENHAM,1,VINROCK,MARK ZAHRA,MATT LAURIE,1.75,65.12450005175404,48.0
2025-03-01,TOOWOOMBA,1,READY AND MABEL,HANNAH RICHARDSON,NICHOLAS BECK,2.8,62.928547957935855,113.0
2025-03-01,NEWCASTLE,1,MISSILE MAGNATE,HEAVELON VAN DER H,ANNABEL NEASHAM & ROB ARCHIBALD,19.0,52.249583671611155,-53.0
2025-03-01,MORPHETTVILLE,1,PIRATE,KAYLA CROWTHER,PHILLIP STOKES,3.2,51.76140279718822,-52.0
2025-03-01,NEWCASTLE,1,MISSILE MAGNATE,HEAVELON VAN DER H,ANNABEL NEASHAM & ROB ARCHIBALD,19.0,52.249583671611155,-53.0
2025-03-01,TURFFONTEIN,3,HOTARUBI,PIERE STRYDOM,SEAN TARRY,3.3,51.97869511983891,119.0
2025-03-01,RANDWICK,3,SPRING LEE,JAMES MCDONALD,BJORN BAKER,2.6,52.09248918740481,83.0
2025-03-02,SHA TIN,5,PATCH OF STARS,DEREK LEUNG,MANFRED MAN,10.0,60.745803031229464,-61.0
2025-03-07,DUBBO,1,SILVER CHAIR,CLAYTON GALLAGHER,KYLIE KENNEDY,4.0,55.97633419935205,-56.0
2025-03-07,DARWIN,4,PHYSICAL GRAFFITI,JARROD TODD,GARY CLARKE,1.5,51.76478631778721,-52.0
2025-03-07,MOONEE VALLEY,5,MAJOR SHARE,TOM MADDEN,ADAM CHAMBERS,4.4,55.8918481160806,-56.0
2025-03-08,DURBANVILLE,2,LET IT BE SAID,RICHARD FOURIE,JUSTIN SNAITH,1.45,89.50242162210064,40.0
2025-03-08,TOWONG,2,GRINZINGER MOON,LACHLAN KING,BEN BRISBOURNE,1.75,62.35135636661171,46.0
2025-03-08,DURBANVILLE,3,LADY BLUNT,RICHARD FOURIE,JUSTIN SNAITH,3.7,50.2316397046528,-51.0
2025-03-08,DURBANVILLE,4,SUGARBUSH,CORNE ORFFER,W A NEL,4.6,89.61219212257822,322.0
2025-03-08,DURBANVILLE,6,KLEINZEE,ALDO DOMEYER,C L BASS-ROBINSON,13.0,88.61246925940024,1063.0
2025-03-09,ASCOT,6,SAIL SESSION,CHRIS PARNHAM,DANIEL MORTON,1.01,60.45372564231914,-61.0
2025-03-09,SHA TIN,8,COPARTNER PRANCE,JAMES ORMAN,K W LUI,10.0,50.90753262499854,-51.0
2025-03-09,SHA TIN,11,LIGHT YEARS CHARM,HUGH BOWMAN,DAVID EUSTACE,10.0,60.59742564256083,-61.0
2025-03-10,MACKAY,1,ASTRA STAR,SEAN CORMACK,KRIS HANSEN,2.8,55.66936969786925,-56.0
2025-03-12,WYONG,2,SHAMBRETTA,JAY FORD,KIM WAUGH,5.0,50.85999798512179,203.0
2025-03-12,STRATHALBYN,3,SERINITE ILLUSION,JASON HOLDER,SOPHIE LOGAN,4.6,54.769472525797255,197.0
2025-03-12,SANDOWN,5,SHE'S A HUSTLER,JORDAN CHILDS,GRAHAME BEGG,1.4,58.484925743228864,23.0
2025-03-14,KILMORE,5,CHERRABAH,LINDA MEECH,PETER G MOODY & KATHERINE COLEMAN,0.0,50.265877649380165,-51.0
2025-03-15,EAGLE FARM,7,IMPERVIOUS,NOEL CALLOW,TONY GOLLAN,1.7,54.45985716217585,-55.0
2025-03-15,SHA TIN,10,SKY JEWELLERY,BRENTON AVDULLA,JOHN SIZE,10.0,54.29615248861936,-55.0
2025-03-21,CRANBOURNE,1,SCAMPI,ETHAN BROWN,CIARON MAHER,1.3,54.99570206732245,16.0
2025-03-22,TOWNSVILLE,4,ROWEINER'S DANCE,TYLER LESLIGHT,BILL KENNING,2.4,51.89570086861356,-52.0
2025-03-22,KEMBLA GRANGE,7,PEACE CENTRE,SHAUN GUYMER,ANTHONY & SAM FREEDMAN,2.0,53.54512265046242,53.0
2025-03-23,BAIRNSDALE,1,ROYAL DISPATCH,LUKE CURRIE,MATT LAURIE,2.3,59.933408551320056,77.0
2025-03-23,SHA TIN,9,INVINCIBLE SHIELD,RYAN MOORE,K W LUI,10.0,58.14972483382825,523.0
2025-03-24,COFFS HARBOUR,3,MIAMI BABY,ANDREW MALLYON,KRIS LEES,10.0,57.547549274508455,-58.0
2025-03-25,ROCKHAMPTON,3,SARAQAEL,RYAN WIGGINS,WARWICK SATHERLEY,1.3,74.18091850760482,22.0
2025-03-26,CANBERRA,4,TAKE THE RAP,MATHEW CAHILL,NORM GARDNER,2.7,50.66901094088042,-51.0
2025-03-29,FLEMINGTON,6,MAJOR SHARE,TOM MADDEN,ADAM CHAMBERS,23.0,50.65282368766989,-51.0
2025-03-30,SHA TIN,2,BOTTOMUPTOGETHER,ZAC PURTON,F C LOR,10.0,54.88331664869015,-55.0
2025-04-01,ROSEHILL,3,CONFETTI GARDEN,TOMMY BERRY,TRENT BUSUTTIN & NATALIE YOUNG,4.8,55.37830527336162,-56.0
2025-04-02,WARWICK FARM,1,JUST A JOURNEY,TOMMY BERRY,MICHAEL FREEDMAN,4.6,55.76985918413615,-56.0
2025-04-05,ASCOT,8,MACHINE GUN GRACIE,SHAUN O'DONNELL,JUSTINE ERKELENS,1.8,65.22686728689587,52.0
2025-04-06,MORNINGTON,2,WEALTHY,DANIEL STACKHOUSE,CLAYTON DOUGLAS,5.0,60.58036283841901,-61.0
2025-04-08,GOULBURN,2,POWER SMASH,HEAVELON VAN DER H,JIM & GREG LEE,3.8,73.3340112883581,205.0
2025-04-09,MURRAY BRIDGE,1,TAKE A PICK,CONNOR MURTAGH,STEPHEN THEODORE,23.0,50.259128235716524,1105.0
2025-04-10,PAKENHAM,4,FEELING DUSTY,BEN ALLEN,CHARLOTTE LITTLEFIELD,12.0,59.6756215302792,656.0
2025-04-11,STRATHALBYN,2,TROPICAL HOUSE,ANDREW STEAD,JAKE STEPHENS,18.0,54.029280251868414,-55.0
2025-04-11,GEELONG,4,FRENCH SAVOY,BEN ALLEN,MITCHELL FREEDMAN,7.5,50.026146636909154,-51.0
2025-04-12,RANDWICK,5,AUTUMN GLOW,JAMES MCDONALD,UNKOWN,1.01,68.9844309425371,-69.0
2025-04-12,RANDWICK,5,BIG SWINGER,CRAIG WILLIAMS,UNKOWN,3.0,64.54715383514805,-65.0
2025-04-12,ASCOT,6,ELITE BEAU,WILLIAM PIKE,UNKOWN,2.8,65.71690846167797,-66.0
2025-04-12,ASCOT,9,DEFERRED,SHAUN O'DONNELL,UNKOWN,7.0,50.972532001211015,-51.0
2025-04-13,PAKENHAM,3,STERN IDOL,STEVEN PATEMAN,CIARON MAHER,3.7,63.8997439359273,-64.0
2025-04-16,WARWICK FARM,4,SOUL OF SPAIN,JAMES MCDONALD,CHRIS WALLER,2.0,56.47823043003771,56.0
2025-04-17,KILMORE,1,HAPPY TIERS,BEN ALLEN,CHARLOTTE LITTLEFIELD,3.3,55.032421176334225,126.0
2025-04-17,ALBURY,4,ONE HARD LADY,BLAIKE MCDOUGALL,DONNA SCOTT,1.45,71.09853322384593,31.0
2025-04-18,CANBERRA,3,AETHELFLAED,ALYSHA COLLETT,MATTHEW SMITH,1.6,57.20929923409618,34.0
2025-04-21,SANDOWN,1,MARBLE POINT,LUKE CURRIE,ROBBIE GRIFFITHS,23.0,51.87692489070255,1141.0
2025-04-21,YORK,3,STAR HOSTESS,LAQDAR RAMOLY,JIM TAYLOR,4.8,57.13148701540701,217.0
2025-04-22,QUEANBEYAN,2,POKER FLASH,RYAN BRADLEY,LEN HODGSON,81.0,50.47856761668365,-51.0
2025-04-25,RANDWICK KENSINGTON,2,SO LONG FAREWELL,JASON COLLETT,CIARON MAHER,9.0,53.015246888024095,-54.0
2025-04-25,MOE,3,LUNAR POWERED,LACHLAN KING,MICHAEL KENT,2.9,70.70754579065245,134.0
2025-04-25,KALGOORLIE,3,BANG FOR BUCK,TASH FAITHFULL,PETER FERNIE,1.7,50.773131973204876,35.0
2025-04-25,BALAKLAVA,4,TROPICAL HOUSE,ANDREW STEAD,JAKE STEPHENS,34.0,53.958964661327045,1780.0
2025-04-25,GOSFORD,7,OAKFIELD JUPITER,AARON BULLOCK,DAMIEN LANE,2.4,53.98684153157326,75.0
2025-04-27,NARROMINE,2,MICRO MIKKI,SHAYLEIGH INGELSE,BRETT ROBB,10.0,55.72551291747423,-56.0
2025-04-27,SHA TIN,3,PATCH OF STARS,ZAC PURTON,MANFRED MAN,10.0,67.36592978334708,606.0
2025-04-28,GOULBURN,7,POWER SMASH,HEAVELON VAN DER H,JIM & GREG LEE,3.4,63.09269205511643,151.0
2025-04-29,QUIRINDI,3,CASHAWAY GOLD,AARON BULLOCK,ANGELA DAVIES,1.7,50.81480643947289,35.0
2025-04-29,QUIRINDI,3,HOLLYWOOD GOLD,LUKE ROLLS,PETER MILLS,4.6,51.39538935645557,-52.0
2025-05-01,MACKAY,1,HEY JEALOUSY,SEAN CORMACK,JAMIE MCCONACHY,1.55,65.46462928645879,36.0
2025-05-01,PINJARRA,2,FANCY RED,WILLIAM PIKE,ADAM DURRANT,1.65,58.89598560696771,38.0
2025-05-01,PINJARRA,6,HAIDA GWAII,BRAD PARNHAM,MICHAEL LANE,1.01,52.793141491369546,-53.0
2025-05-02,MUSWELLBROOK,8,BURRANEER BUOY,AARON BULLOCK,TODD HOWLETT,8.0,53.60542448262581,-54.0
2025-05-08,WYONG,3,NINETTE,TYLER SCHILLER,"MICHAEL, JOHN & WAYNE HAWKES",10.0,50.471113648334274,454.0
2025-05-09,GATTON,7,SIX MORE SONGS,ANGELA JONES,TONY GOLLAN,1.7,62.066496966934295,43.0
2025-05-10,SHA TIN,10,WUNDERBAR,BRENTON AVDULLA,JOHN SIZE,10.0,50.13763971776017,-51.0
2025-05-10,SHA TIN,10,FAST NETWORK,HUGH BOWMAN,C H YIP,10.0,59.943594564178056,-60.0
2025-05-14,IPSWICH,1,CONVO,KYLE WILSON-TAYLOR,CIARON MAHER,1.6,51.58839149335329,30.0
2025-05-17,KEMBLA GRANGE,3,WINNER OF KOWLOON,ROBBIE DOWNEY,BJORN BAKER,1.55,62.96923200258482,34.0
2025-05-17,KEMBLA GRANGE,7,WEST HEAD,GRANT BUCKLEY,BRAD WIDDUP,3.6,67.86486357431825,-68.0
2025-05-23,INVERELL,2,FALL FOR AUTUMN,RAYMOND SPOKES,BRETT BELLAMY,41.0,61.675277454726995,-62.0
2025-05-25,ROEBOURNE,1,MATSOKA,SHARNI WEBSTER,LEIGH MURRAY,1.8,53.11611224220609,42.0
2025-05-30,ROCKHAMPTON,2,NEXT LEGACY,TASHA CHAMBERS,AARON BECK,23.0,65.7479626059656,-66.0
2025-05-31,PINJARRA,1,IN CONFIDENCE,LUCY FIORE,DANIEL MORTON,5.5,63.412783239634706,-64.0
2025-06-02,PAKENHAM,1,THREE POINT TURN,JAMIE MOTT,BILL PAPAZAHAROUDAKIS,1.45,61.947502554266066,27.0
2025-06-04,DOOMBEN,3,BATTESIMO,ADIN THOMPSON,LAWRIE MAYFIELD-SMITH,8.5,90.62856136642951,679.0
2025-06-06,IPSWICH,5,CABALETTO,JUSTIN HUXTABLE,CHRIS & COREY MUNCE,3.0,50.87121220576255,-51.0
2025-06-08,SHA TIN,2,PERFECTDAY,K MELO,W Y SO,10.0,82.5340767297636,742.0
2025-06-08,SUNSHINE COAST,3,DOUBLE WHAMMY,JAG GUTHMANN-CHEST,STUART KENDRICK,1.6,58.79325535560873,35.0
2025-06-08,TOKYO,3,COSMO GRANITE,TAKESHI YOKOYAMA,HIROO SHIMIZU,10.0,90.60017013072765,815.0
2025-06-08,SWAN HILL,9,STOP THE ROCK,BILLY EGAN,PATRICK & MICHELLE PAYNE,15.0,50.70862185050212,709.0
2025-06-11,BALLARAT,5,CHILLS 'N' THRILLS,DECLAN BATES,"BEN, WILL & JD HAYES",5.5,82.18665268165171,369.0
2025-06-15,PORT MACQUARIE,5,WHAT A RUSH,ANNA ROPER,NEIL GODBOLT,3.1,73.81346826608218,155.0
2025-06-18,CANTERBURY,3,SO LONG FAREWELL,JASON COLLETT,CIARON MAHER,1.01,57.26934847294466,-58.0
2025-06-18,CANTERBURY,4,GLORIOUS MOMENTS,REECE JONES,JIM & GREG LEE,8.0,50.0534181895961,350.0
2025-06-19,BATHURST,3,BIG PAPA,ROBBIE DOWNEY,BJORN BAKER,1.4,64.34259584759067,25.0
2025-06-19,PINJARRA,4,SWEET SURRENDER,CLINT JOHNSTON-POR,MICHAEL GRANTHAM,2.25,54.2367703207109,67.0
2025-06-20,GEELONG,4,YES I KNOW,DANIEL STACKHOUSE,ANTHONY & SAM FREEDMAN,1.8,60.74891717363852,48.0
2025-06-21,MORPHETTVILLE,1,KALOSYNI,JESSICA TZAFERIS,JESSICA TZAFERIS,16.0,55.555892526013864,833.0
2025-06-21,KEMBLA GRANGE,1,SO LONG FAREWELL,ROBBIE DOWNEY,CIARON MAHER,1.75,58.612996165700196,43.0
2025-06-21,KEMBLA GRANGE,2,LULL,MITCHELL BELL,JAMES CUMMINGS,5.5,90.85485494441257,408.0
2025-06-21,GOLD COAST,3,WITHOUT COMPARE,BRANDON LERENA,BARRY LOCKWOOD,6.5,69.09085107967958,379.0
2025-06-21,FLEMINGTON,3,CLEO CAT,CRAIG WILLIAMS,TOM DABERNIG,1.95,69.09281349962721,-70.0
2025-06-22,WAGGA,7,JUST LIKE TILDA,DEANNE PANYA,BRUCE CROSS,4.6,52.83480195095077,-53.0
2025-06-23,SCONE,3,DUNLEARY,ANNA ROPER,ANGELA DAVIES,2.7,89.5333978510462,152.0
2025-07-08,BALLARAT,3,TOYZ IN ZOULAND,ANTHONY DARMANIN,"BEN, WILL & JD HAYES",1.45,59.668321414413796,26.0
2025-07-09,IPSWICH,2,DEEP VEGAS,EMILY LANG,TONY GOLLAN,1.25,75.02757967695143,18.0
2025-07-09,IPSWICH,4,SIX MORE SONGS,EMILY LANG,TONY GOLLAN,3.4,53.3889812789979,-54.0
2025-07-11,SCONE,6,BELLINI SPRITZ,AARON BULLOCK,PAUL MESSARA & LEAH GAVRANICH,3.0,50.62986805337572,-51.0
2025-07-12,NEWCASTLE,1,PEWTER PEARL,HOLLY DURNAN,MITCHELL BEER,8.0,59.87448963490706,419.0
2025-07-12,NEWCASTLE,2,SOUTHERN HEIRESS,KEAGAN LATHAM,MICHAEL FREEDMAN,3.0,65.86707868937846,131.0
2025-07-12,NEWCASTLE,3,ENTITLEMENT,OLIVIA CHAMBERS,GAI WATERHOUSE & ADRIAN BOTT,3.6,50.99036654526756,-51.0
2025-07-12,NEWCASTLE,3,HAPPINESS,JEFF PENZA,CHRIS WALLER,7.5,51.1834822682558,332.0
2025-07-12,NEWCASTLE,3,HAPPINESS,JEFF PENZA,CHRIS WALLER,7.5,51.1834822682558,332.0
2025-07-12,DOOMBEN,4,TUFF TU MUS,TIFFANI BROOKER,DAVID VANDYKE,2.3,66.61640620610461,86.0
2025-07-12,TOOWOOMBA,7,HIDEYO,COREY BAYLISS,MARK CURRIE,1.85,51.186606994606656,43.0
2025-07-13,KALGOORLIE,1,GIBRALTAR GOLD,TASH FAITHFULL,PETER FERNIE,4.8,59.533964181282485,226.0
2025-07-15,BALLARAT,2,FOX KING DOX,JOHN ALLEN,MADDIE RAYMOND & PATRICK BELL,9.5,51.54038574408465,438.0
2025-07-16,NORTHAM,2,RIVA AQUARAMA,LUKE CAMPBELL,DANIEL MORTON,10.0,60.30662275974768,542.0
2025-07-16,HAPPY VALLEY,9,REGAL GEM,DEREK LEUNG,F C LOR,10.0,52.20681549442615,469.0
2025-07-18,ALBURY,3,DEEPWATER ARTIST,BILLY OWEN,MATTHEW KELLEY,10.0,54.38736894601781,489.0
2025-07-19,GOSFORD,1,GALLAHOP,MITCHELL BELL,RICHARD LITT,12.0,53.63301082619106,589.0
2025-07-19,MILDURA,3,GRANDE TERRE,STEVEN VELLA,CINDY BRANDER,3.4,54.169807594781105,130.0
2025-07-19,TOOWOOMBA,4,THE LOUVRE,JAKE MOLLOY,LYN BASKETT,3.0,60.81198828728969,-61.0
2025-07-19,GOSFORD,5,VALILEE,MITCHELL BELL,JAKE HULL,3.5,65.46057495321558,163.0
2025-07-20,HAWKESBURY,3,POWERHOUSE,TOM SHERRY,PETER SNOWDEN,2.6,51.48965986029975,-52.0
2025-07-24,NORTHAM,4,SHERPA EXPRESS,BRAD PARNHAM,DANIEL & BEN PEARCE,1.75,56.914385802551294,42.0
2025-07-26,CAULFIELD,8,BARAQIEL,BEN ALLEN,LEON & TROY CORSTENS & WILL LARKIN,3.6,56.487326195820344,-57.0
2025-07-26,DOOMBEN,8,METALART,CODY COLLIS,KELLY SCHWEIDA,2.1,59.7175062287305,-60.0
2025-07-27,SAPPHIRE COAST,2,SIR FRANKLIN,PIERRE BOUDVILLAIN,LAUREN DAVIES,1.6,63.392100466044454,38.0
2025-07-27,SAPPHIRE COAST,3,SIR FRANKLIN,PIERRE BOUDVILLAIN,LAUREN DAVIES,0.0,57.897327636700346,-58.0
2025-07-27,SAPPHIRE COAST,4,WALK THE PIER,CORIAH KEATINGS,MATTHEW KELLEY,1.9,58.234510155238986,-59.0
2025-07-29,SWAN HILL,1,FORNOF,DEAN YENDALL,CLIFF BROWN,1.5,86.99522006004753,43.0
2025-08-02,GOLD COAST,3,CHILLED WITH ICE,DYLAN TURNER,MATTHEW DUNN,10.0,61.09218389813871,549.0
2025-08-07,BALLARAT,2,GOLD MEDALLIST,EMILY POZMAN,PETER G MOODY & KATHERINE COLEMAN,9.5,69.23059084466048,-70.0
2025-08-08,CANBERRA,3,MISS TRENTINO,ROBBIE DOWNEY,BJORN BAKER,2.9,68.59982142543676,130.0
2025-08-12,MACKAY,2,MADAM BORODINA,RYAN WIGGINS,TOM BUTTON,3.4,56.00637582762441,-57.0
2025-08-12,HAWKESBURY,5,VALILEE,MITCHELL BELL,JAKE HULL,2.25,59.724963706206815,74.0
2025-08-13,EAGLE FARM,1,HEROIC REBEL,ANDREW MALLYON,TONY GOLLAN,31.0,62.72718959785413,-63.0
2025-08-13,BELMONT,5,RIVA AQUARAMA,CHRIS PARNHAM,DANIEL MORTON,3.0,72.72772282215662,145.0
2025-08-13,EAGLE FARM,7,MINOR KEY,DAN MCGILLIVRAY,JASON EDWARDS,19.0,53.907415772897785,-54.0
2025-08-14,BUNBURY,6,OLD MATE HENRY,WILLIAM PIKE,STEELE CASEY,2.4,50.90327589660573,-51.0
2025-08-16,BELMONT,4,NONESOSPICY,MADI DERRICK,SEAN & JAKE CASEY,23.0,56.55689376959471,-57.0
2025-08-17,BALLARAT,6,STERN IDOL,STEVEN PATEMAN,CIARON MAHER,3.5,67.1658157676352,-68.0
2025-08-18,BATHURST,1,SENJUTSU,BROCK RYAN,BJORN BAKER,1.01,58.36266450952338,-59.0
2025-08-21,ROCKHAMPTON,2,DEVIL DEVIL,RYAN WIGGINS,CLINTON TAYLOR,2.8,71.71815539406681,129.0
2025-08-21,ROCKHAMPTON,5,PRIDE OF VENUS,RYAN WIGGINS,CLINTON TAYLOR,2.4,52.97793482920542,74.0
2025-08-21,ROCKHAMPTON,8,TEN CARAT LUCY,RYAN WIGGINS,CLINTON TAYLOR,0.0,50.6339682245329,-51.0
2025-08-23,NEWMAN,3,RULESQUE,SHARNI WEBSTER,JODY MCLAUGHLIN,2.9,76.6759604405571,145.0
2025-08-23,NEWCASTLE,4,POWERHOUSE,MITCHELL BELL,PETER SNOWDEN,3.7,52.06861345393685,140.0
2025-08-25,PAKENHAM,1,LA ASTRO CHAT,NADIA DANIELS,PAT CAREY & HARRIS WALKER,15.0,50.151695842195885,-51.0
2025-08-25,PAKENHAM,3,ZAMBARDO,ETHAN BROWN,MICK PRICE & MICHAEL KENT (JNR),1.3,79.14108354329616,23.0
2025-08-26,GRAFTON,2,SO KOBY,LUKE ROLLS,JOHN SHELTON,3.1,64.58728965908391,135.0
2025-08-28,WAGGA,2,SUNROE,BILLY OWEN,DOUG GORREL,4.4,53.42067264677787,181.0
2025-08-30,FUNABASHI,4,STEEL SONIC,AKIRA HARITA,TAKASHI HARITA,2.5,92.44939023059212,138.0
2025-08-31,SEYMOUR,2,KIWI RAIDER,ETHAN BROWN,MARK WALKER,2.0,50.51597594685149,-51.0
2025-09-02,SCONE,5,SOCIAL CIRCLE,BRAITH NOCK,PAUL MESSARA & LEAH GAVRANICH,1.6,52.12864690354927,31.0
2025-09-03,WARWICK FARM,2,CANTIAMO,JAMES MCDONALD,KRIS LEES,3.1,69.64939662164407,146.0
2025-09-03,IPSWICH,3,WATERTIGHT,JAG GUTHMANN-CHEST,MATTHEW HOYSTED,2.6,65.70485395527564,105.0
2025-09-04,MOE,3,OMAMORI,ETHAN BROWN,TRENT BUSUTTIN & NATALIE YOUNG,1.95,50.761684956540435,48.0
2025-09-04,MACKAY,3,PRESSZORA,RYAN WIGGINS,CLINTON TAYLOR,1.9,67.69959153263956,60.0
2025-09-04,NORTHAM,5,ETERNAL WINE,BRAD PARNHAM,MICHAEL LANE,2.1,60.40883219901505,66.0
2025-09-06,DOOMBEN,2,SOUL OF SPAIN,BEN THOMPSON,CHRIS WALLER,1.65,59.846567367692536,38.0
2025-09-06,TOOWOOMBA,6,SAGA'S GIRL,LES TILLEY,LINDSAY HATCH,1.01,52.12114768491462,-53.0
2025-09-06,GOLD COAST,6,SPEEDY ONE,ANTHONY ALLEN,TONY GOLLAN,8.0,52.436192359455866,367.0
2025-09-07,SHA TIN,3,KA YING RISING,ZAC PURTON,DAVID A HAYES,10.0,75.67836049154138,681.0
2025-09-07,SHA TIN,3,LUCKY SWEYNESSE,DEREK LEUNG,MANFRED MAN,10.0,57.819010696588826,-58.0
2025-09-07,SHA TIN,8,FAST NETWORK,ZAC PURTON,C H YIP,10.0,58.61148932856211,-59.0
2025-09-07,SHA TIN,9,BULB GENERAL,ZAC PURTON,JAMIE RICHARDS,10.0,67.25999000144114,605.0
2025-09-11,BUNBURY,2,PEARL KING,CLINT JOHNSTON-POR,MICHAEL GRANTHAM,1.65,62.9931576176593,40.0
2025-09-11,HAWKESBURY,4,MASTER OF THE AIR,JAMES MCDONALD,CHRIS WALLER,1.01,54.15060027033659,-55.0
2025-09-13,GOLD COAST,1,SHIPPING LANE,BRANDON LERENA,STUART KENDRICK,11.0,59.011359264704396,590.0
2025-09-13,DONALD,1,CENTU CAVADDI,LIAM RIORDAN,TRENT BUSUTTIN & NATALIE YOUNG,3.6,50.31188933778529,130.0
2025-09-13,GRIFFITH,2,DUBAI FOUNTAIN,CORY PARISH,ANDREW DALE,5.0,69.32497889686225,277.0
2025-09-13,GRIFFITH,4,LOVEOFMYLIFE,CORY PARISH,ANDREW DALE,4.2,88.85801554552499,284.0
2025-09-13,MORPHETTVILLE,6,ANTHRACITE,TODD PANNELL,GARY BOYCE,1.5,87.46180294192071,43.0
2025-09-13,ROSEHILL,7,GANGSTA GRANNY,TYLER SCHILLER,"MICHAEL, JOHN & WAYNE HAWKES",1.8,52.27456882440219,-53.0
2025-09-13,BELMONT,7,YORGA PRIDE,CHANEL COOPER,GRANT & ALANA WILLIAMS,5.5,69.40400127120309,-70.0
2025-09-14,SALE,3,JETT SMASH,CRAIG WILLIAMS,DANNY O'BRIEN,5.0,53.027459842103106,-54.0
2025-09-15,MUSWELLBROOK,6,SALVATO,AARON BULLOCK,PAUL MESSARA & LEAH GAVRANICH,2.0,57.62013121165954,57.0
2025-09-17,HAPPY VALLEY,6,KING LOTUS,LYLE HEWITSON,MARK NEWNHAM,10.0,84.50543887583292,760.0
2025-09-17,BENDIGO,8,GOLD MEDALLIST,LUKE CARTWRIGHT,PETER G MOODY & KATHERINE COLEMAN,7.5,53.68757438975611,348.0
2025-09-18,BUNBURY,3,EXQUISITE TASTE,CLINT JOHNSTON-POR,MICHAEL GRANTHAM,4.0,51.72729078355572,155.0
2025-09-18,KEMBLA GRANGE,3,FASHIONABLE,TIM CLARK,MICHAEL FREEDMAN,6.5,55.07429666312987,-56.0
2025-09-21,SUNSHINE COAST,4,METAL MAN,MICHAEL RODD,KELLY SCHWEIDA,0.0,53.037297259628616,-54.0
2025-09-21,NOWRA,7,LA NINA,OLIVIA CHAMBERS,BJORN BAKER,10.0,58.19060983536638,-59.0
2025-09-22,WARRNAMBOOL,3,SAVITRI,DEAN YENDALL,MITCHELL FREEDMAN,3.9,54.631645829804874,158.0
2025-09-24,SANDOWN,1,ENCHANTED JENNI,BLAKE SHINN,LUCY YEOMANS,3.9,50.14142997608375,145.0
2025-09-24,SANDOWN,1,DUNDONALD,PATRICK MOLONEY,GERARD MOLONEY,41.0,54.5381708274141,-55.0
2025-09-24,BALAKLAVA,2,COMMON INTEREST,JACOB OPPERMAN,RICHARD & CHANTELLE JOLLY,1.95,57.01871122271328,54.0
2025-09-24,BELMONT,2,LONG SERVICE LEAF,CHRIS PARNHAM,NEVILLE PARNHAM,2.9,54.61946231407774,103.0
2025-09-24,SANDOWN,4,A DIVA,ETHAN BROWN,RICHARD LAMING,9.0,51.319078070830194,-52.0
2025-09-25,HAWKESBURY,1,THE PEARLS,TOMMY BERRY,CHRIS WALLER,2.8,55.219281088423486,99.0
2025-09-25,GOULBURN,4,SAVAII,ALYSHA COLLETT,ANNABEL & ROB ARCHIBALD,13.0,61.88700740717192,742.0
2025-09-26,MOONEE VALLEY,5,SNOW MERCY,LACHLAN NEINDORF,PHILLIP STOKES,26.0,62.36626275574101,1559.0
2025-09-27,KEMBLA GRANGE,4,COBRA CLUB,ZAC WADICK,GAI WATERHOUSE & ADRIAN BOTT,5.5,51.37788217347402,231.0
2025-09-27,KEMBLA GRANGE,7,SUPERFABULISTIC,ZAC WADICK,GAI WATERHOUSE & ADRIAN BOTT,7.0,55.59197390986546,-56.0
2025-09-27,KEMBLA GRANGE,7,MASTER OF THE AIR,LEE MAGORRIAN,CHRIS WALLER,2.8,51.38137885996048,92.0
2025-09-28,DUBBO,3,HAMMOON SENSATION,REECE JONES,RODNEY NORTHAM,4.2,63.3668554664162,202.0
2025-09-28,SHA TIN,8,LIGHT YEARS CHARM,ZAC PURTON,DAVID EUSTACE,10.0,62.66847240086849,-63.0
2025-09-28,SHA TIN,11,BEAUTY BOLT,ZAC PURTON,A S CRUZ,10.0,51.45889818487815,-52.0
2025-09-30,TAMWORTH,2,MONEY GAMES,CHRISTIAN REITH,SCOTT SINGLETON,5.0,83.10159796428852,332.0
2025-09-30,CAIRNS,2,TALK DIRTY,RYAN WIGGINS,BODINE BAILEY,4.2,57.28634550192876,183.0
2025-10-02,NEWCASTLE,1,HAYEK,REGAN BAYLISS,BJORN BAKER,1.5,89.63666424146167,44.0
2025-10-02,GEELONG,1,WAYED IN LIGHT,BEN ALLEN,SHAWN MATHRICK,1.95,55.01804624221661,52.0
2025-10-02,KALGOORLIE,8,LAVISH CHARM,LUCY FIORE,PETER FERNIE,1.85,69.95807065927222,59.0
2025-10-03,SUNSHINE COAST,3,HURRICANE LU,TIFFANI BROOKER,SHAUN DWYER,1.75,91.3816862590081,68.0
2025-10-04,MORPHETTVILLE,3,HOT STATEMENT,JAKE TOEROEK,UNKOWN,5.5,87.85468744058545,395.0
2025-10-04,FLEMINGTON,3,OPTIONS,HARRY COFFEY,UNKOWN,10.0,55.4256653824326,498.0
2025-10-04,RANDWICK,7,PRIVATE HARRY,TIM CLARK,UNKOWN,4.2,69.54433542241006,-70.0
2025-10-04,KALGOORLIE,8,CURRIMUNDI,SHAUN MCGRUDDY,UNKOWN,11.0,59.35383724056449,-60.0
2025-10-07,MILDURA,3,HYDE PARK CORNER,LINDA MEECH,LLOYD KENNEWELL,2.2,59.40018949744768,71.0
2025-10-08,DOOMBEN,2,ADELAIDE GIRL,RORY HUTCHINGS,MATTHEW HOYSTED,14.0,63.04034716550638,819.0
2025-10-09,HAWKESBURY,1,FASHIONABLE,TIM CLARK,MICHAEL FREEDMAN,2.15,61.94011597717404,71.0
2025-10-09,KYNETON,2,CASTELLITO,JORDAN CHILDS,GRAHAME BEGG,1.4,54.99486070619326,21.0
2025-10-10,CRANBOURNE,1,DUNDONALD,PATRICK MOLONEY,GERARD MOLONEY,9.0,59.17109342196164,473.0
2025-10-11,EAGLE FARM,1,LADY OF FIVE,ADIN THOMPSON,PETER & WILL HULBERT,1.9,89.32663104032451,80.0
2025-10-11,GOLD COAST,1,ENHANCE,DYLAN TURNER,STEPHEN MCLEAN,2.1,51.44790434385524,56.0
2025-10-11,MURRAY BRIDGE,1,VIRTUAL ILLUSION,CAITLYN MUNRO,RICHARD & CHANTELLE JOLLY,2.4,86.01562935855385,120.0
2025-10-11,ALBURY,2,AUTUMN BREAK,BRITTANY BUTTON,KYM DAVISON,1.55,89.70765320144724,49.0
2025-10-11,TURFFONTEIN,2,ELUSIVE RED,MUZI YENI,ROY MAGNER,41.0,90.35607787333888,3614.0
2025-10-11,GOLD COAST,2,CHARLIE TANGO,ANTHONY ALLEN,DANNY J BOUGOURE,5.5,92.29665619095938,415.0
2025-10-11,CAULFIELD,4,OH TOO GOOD,DAMIAN LANE,KEVIN DAFFY,2.6,56.31085358407613,90.0
2025-10-11,ASCOT,10,PLAYIN'IT SWEET,LUCY FIORE,ADAM DURRANT,4.4,69.96477309236853,237.0
2025-10-12,SHA TIN,7,SUPER STRONG KID,ZAC PURTON,MANFRED MAN,10.0,64.05531066677574,-65.0
2025-10-14,BALLARAT,1,COSMIC VIXEN,WILL GORDON,CHARLES CASSAR,5.5,87.39518927030132,393.0
2025-10-14,MURWILLUMBAH,5,DOINGITEASY,ANDREW MALLYON,MATTHEW DUNN,2.15,50.65440924563768,58.0
2025-10-15,ASCOT,2,TESTY PHAROAH,LUKE CAMPBELL,STEVE WOLFE,19.0,86.12769866175813,1550.0
2025-10-15,MACKAY,7,UNDERRATED,ASHLEY BUTLER,CLINTON TAYLOR,1.55,59.776037816351604,32.0
2025-10-18,MORPHETTVILLE,1,COMMON INTEREST,JACOB OPPERMAN,RICHARD & CHANTELLE JOLLY,5.0,52.81556752724852,-53.0
2025-10-18,BENDIGO,1,KNURL,LINDA MEECH,TONY & CALVIN MCEVOY,1.45,70.41147842056827,31.0
2025-10-18,ASCOT,2,JUST SAINT JAMES,CHRIS PARNHAM,ROBERT GULBERTI,3.5,68.77331103119504,171.0
2025-10-19,SUNSHINE COAST,1,BOOMELLI,BEN THOMPSON,TONY GOLLAN,1.2,89.03598328130701,17.0
2025-10-19,SUNSHINE COAST,6,ITALIAN RIVIERA,JAG GUTHMANN-CHEST,STUART KENDRICK,3.8,50.24556951763153,-51.0
2025-10-20,ECHUCA,3,SNITZ SONIC,ZAC SPAIN,JASON WARREN,1.5,54.9482658517531,27.0
