Date,Track,Race Number,Horse,Barrier,Jockey,Trainer,SP,Finish Position,Race Distance,Class,Track Condition,Weather,Total Runners
2024-03-19,HAWKESBURY,1,DECEMBER SKY,8,DYLAN GIBBONS,Matthew Smith,4.6,2.0,1500,4YO+ MDN SW,GOOD4,OCAST,10
2024-03-19,HAWKESBURY,1,DUSTY RUBBLE,4,ANDREW CALDER,Karen Outtrim,101.0,,1500,4YO+ MDN SW,GOOD4,OCAST,10
2024-03-19,HAWKESBURY,1,HONGKONG HARMONY,9,MITCHELL BELL,Rodney Bailey,16.0,3.0,1500,4YO+ MDN SW,GOOD4,OCAST,10
2024-03-19,HAWKESBURY,1,IRISH ANTHEM,5,RACHEL KING,Jason Attard & Lucy Keegan-Attard,2.25,4.0,1500,4YO+ MDN SW,GOOD4,OCAST,10
2024-03-19,HAWKESBURY,1,PRINCE SIX,3,LOUISE DAY,Jackie Greentree,101.0,,1500,4YO+ MDN SW,GOOD4,OCAST,10
2024-03-19,HAWKESBURY,1,RELATED DUTY,1,GRANT BUCKLEY,Tommy Wong,21.0,,1500,4YO+ MDN SW,GOOD4,OCAST,10
2024-03-19,HAWKESBURY,1,CUNNING KITTY,6,ZAC WADICK,Darren Treacy,14.0,,1500,4YO+ MDN SW,GOOD4,OCAST,10
2024-03-19,HAWKESBURY,1,FASCINATION ALLEY,7,JAY FORD,Lee & Cherie Curtis,4.0,1.0,1500,4YO+ MDN SW,GOOD4,OCAST,10
2024-03-19,HAWKESBURY,1,PLATINUM ASSET,2,KEAGAN LATHAM,Mitchell & Desiree Kearney,15.0,,1500,4YO+ MDN SW,GOOD4,OCAST,10
2024-03-19,HAWKESBURY,1,THRILL OF BRAZIL,9,ANNA ROPER,Kylie Gavenlock,12.0,,1500,4YO+ MDN SW,GOOD4,OCAST,10
2024-03-19,HAWKESBURY,2,JARED,13,NOT NOTIFIED,Kim Waugh,4.4,,1100,3YO+ MDN,GOOD4,OCAST,13
2024-03-19,HAWKESBURY,2,SQUAMISH,9,DYLAN GIBBONS,Nathan Doyle,15.0,,1100,3YO+ MDN,GOOD4,OCAST,13
2024-03-19,HAWKESBURY,2,ZHIVAGO,1,ALYSHA COLLETT,Mitchell Beer,4.8,,1100,3YO+ MDN,GOOD4,OCAST,13
2024-03-19,HAWKESBURY,2,VOIGNER,4,NOT NOTIFIED,Jake Hull,12.0,,1100,3YO+ MDN,GOOD4,OCAST,13
2024-03-19,HAWKESBURY,2,HELL OF A SHOW,1,ANNA ROPER,Kristen Buchanan,2.25,1.0,1100,3YO+ MDN,GOOD4,OCAST,13
2024-03-19,HAWKESBURY,2,IVY'S WAY,2,ASHLEY MORGAN,Nathan Doyle,9.0,,1100,3YO+ MDN,GOOD4,OCAST,13
2024-03-19,HAWKESBURY,2,DREAMS OF THUNDER,5,MITCHELL BELL,Rodney Bailey,4.6,4.0,1100,3YO+ MDN,GOOD4,OCAST,13
2024-03-19,HAWKESBURY,2,TORIE'S ROSE,12,RACHEL KING,Edward Cummings,5.5,,1100,3YO+ MDN,GOOD4,OCAST,13
2024-03-19,HAWKESBURY,2,BROWNED OFF,6,GRANT BUCKLEY,Jake Hull,6.0,,1100,3YO+ MDN,GOOD4,OCAST,13
2024-03-19,HAWKESBURY,2,DRESSED IN GRAY,3,LOUISE DAY,Matthew Vella,8.5,2.0,1100,3YO+ MDN,GOOD4,OCAST,13
2024-03-19,HAWKESBURY,2,LITTLE BE KNOWN,4,PATRICK SCORSE,John Higgins,101.0,,1100,3YO+ MDN,GOOD4,OCAST,13
2024-03-19,HAWKESBURY,2,TACTICAL RESPONSE,7,ZAC WADICK,Jackie Greentree,151.0,,1100,3YO+ MDN,GOOD4,OCAST,13
2024-03-19,HAWKESBURY,2,ZEEMA,8,BROCK RYAN,Robert & Luke Price,19.0,3.0,1100,3YO+ MDN,GOOD4,OCAST,13
2024-03-19,HAWKESBURY,3,CORMAC T,4,TOM MARQUAND,Annabel Neasham,2.7,1.0,1800,MDN SW,GOOD4,OCAST,15
2024-03-19,HAWKESBURY,3,BANK HEIST,6,RACHEL KING,Michael Freedman,23.0,,1800,MDN SW,GOOD4,OCAST,15
2024-03-19,HAWKESBURY,3,COTO DE CAZA,12,TOM SHERRY,John Sargent,16.0,,1800,MDN SW,GOOD4,OCAST,15
2024-03-19,HAWKESBURY,3,HOOLIGAN TOMMY,5,TOMMY BERRY,John Sargent,5.0,3.0,1800,MDN SW,GOOD4,OCAST,15
2024-03-19,HAWKESBURY,3,PRESLEY,13,ALYSHA COLLETT,Annabel Neasham,16.0,,1800,MDN SW,GOOD4,OCAST,15
2024-03-19,HAWKESBURY,3,PROFOUND BENEFIT,8,REGAN BAYLISS,Chris Waller,34.0,,1800,MDN SW,GOOD4,OCAST,15
2024-03-19,HAWKESBURY,3,THE HEART OF HARRY,1,OLIVIA CHAMBERS,Robert & Luke Price,151.0,,1800,MDN SW,GOOD4,OCAST,15
2024-03-19,HAWKESBURY,3,CALANCHE,7,JASON COLLETT,Ciaron Maher,8.5,4.0,1800,MDN SW,GOOD4,OCAST,15
2024-03-19,HAWKESBURY,3,CRUSHEEN LASS,2,BROCK RYAN,Gregory Hickman,151.0,,1800,MDN SW,GOOD4,OCAST,15
2024-03-19,HAWKESBURY,3,HEAVEN BOUND,11,REECE JONES,Joseph Pride,3.6,2.0,1800,MDN SW,GOOD4,OCAST,15
2024-03-19,HAWKESBURY,3,LADYKING,15,ZAC LLOYD,John O'Shea,23.0,,1800,MDN SW,GOOD4,OCAST,15
2024-03-19,HAWKESBURY,3,LUCILAGO,9,DYLAN GIBBONS,Matthew Smith,18.0,,1800,MDN SW,GOOD4,OCAST,15
2024-03-19,HAWKESBURY,3,PRINCESS KAGUYA,3,TYLER SCHILLER,Chris Waller,101.0,,1800,MDN SW,GOOD4,OCAST,15
2024-03-19,HAWKESBURY,3,VIDYA,13,ANNA ROPER,Bjorn Baker,81.0,,1800,MDN SW,GOOD4,OCAST,15
2024-03-19,HAWKESBURY,3,VERBATIM QUOTE,10,KEAGAN LATHAM,John Steinmetz,151.0,,1800,MDN SW,GOOD4,OCAST,15
2024-03-19,HAWKESBURY,4,NEW FOREST,10,ZAC WADICK,Sara Ryan,4.6,,1300,3YO MDN,GOOD4,OCAST,11
2024-03-19,HAWKESBURY,4,GENEROUS HARRY,8,LOUISE DAY,Ron Quinton,5.5,2.0,1300,3YO MDN,GOOD4,OCAST,11
2024-03-19,HAWKESBURY,4,TAUTOU,6,REGAN BAYLISS,Gai Waterhouse & Adrian Bott,3.2,,1300,3YO MDN,GOOD4,OCAST,11
2024-03-19,HAWKESBURY,4,PARADE GROUND,7,ZAC LLOYD,James Cummings,3.4,,1300,3YO MDN,GOOD4,OCAST,11
2024-03-19,HAWKESBURY,4,MR CALEB,2,RORY HUTCHINGS,Gerald Ryan & Sterling Alexiou,3.4,1.0,1300,3YO MDN,GOOD4,OCAST,11
2024-03-19,HAWKESBURY,4,CALIFORNIA SUNRISE,1,TOM SHERRY,Peter & Paul Snowden,3.5,4.0,1300,3YO MDN,GOOD4,OCAST,11
2024-03-19,HAWKESBURY,4,CAN EXPECT GREATER,3,TYLER SCHILLER,Jason Coyle,16.0,,1300,3YO MDN,GOOD4,OCAST,11
2024-03-19,HAWKESBURY,4,INVAIDA PRINCE,4,RACHEL KING,Jason Attard & Lucy Keegan-Attard,41.0,3.0,1300,3YO MDN,GOOD4,OCAST,11
2024-03-19,HAWKESBURY,4,VIA VARALLO,5,ANDREW CALDER,Amanda Turner,41.0,,1300,3YO MDN,GOOD4,OCAST,11
2024-03-19,HAWKESBURY,4,STREET MAGIC,11,NOT NOTIFIED,David Payne,0.0,,1300,3YO MDN,GOOD4,OCAST,11
2024-03-19,HAWKESBURY,4,QUEEN OF DRAMA,6,JESS TAYLOR,Jason Coyle,41.0,,1300,3YO MDN,GOOD4,OCAST,11
2024-03-19,HAWKESBURY,5,CANDLELIT,4,TOMMY BERRY,Robert & Luke Price,7.5,,1300,CL1,GOOD4,OCAST,9
2024-03-19,HAWKESBURY,5,MONTE KATE,9,NOT NOTIFIED,Robert & Luke Price,0.0,,1300,CL1,GOOD4,OCAST,9
2024-03-19,HAWKESBURY,5,ABUSE OF POWER,1,ZAC LLOYD,John Sharah,4.0,,1300,CL1,GOOD4,OCAST,9
2024-03-19,HAWKESBURY,5,WOLVES,2,SAM CLIPPERTON,Benjamin Smith,2.2,1.0,1300,CL1,GOOD4,OCAST,9
2024-03-19,HAWKESBURY,5,EXTERNUS,3,REECE JONES,Damien Lane,15.0,,1300,CL1,GOOD4,OCAST,9
2024-03-19,HAWKESBURY,5,QUINKY DEEL,7,ANNA ROPER,Damien Lane,41.0,,1300,CL1,GOOD4,OCAST,9
2024-03-19,HAWKESBURY,5,BUSH TELEGRAPH,5,JASON COLLETT,Jason Attard & Lucy Keegan-Attard,9.0,3.0,1300,CL1,GOOD4,OCAST,9
2024-03-19,HAWKESBURY,5,LADY DEVINE,6,DYLAN GIBBONS,David Pfieffer,11.0,2.0,1300,CL1,GOOD4,OCAST,9
2024-03-19,HAWKESBURY,5,NOT THAT EASY,8,TYLER SCHILLER,Jason Coyle,17.0,4.0,1300,CL1,GOOD4,OCAST,9
2024-03-19,HAWKESBURY,6,BY NINE,4,DYLAN GIBBONS,Matthew Smith,5.5,2.0,2000,3YO+ BM64,GOOD4,OCAST,11
2024-03-19,HAWKESBURY,6,SO SNEEKY,3,ANDREW CALDER,Amanda Turner,6.5,,2000,3YO+ BM64,GOOD4,OCAST,11
2024-03-19,HAWKESBURY,6,VIESTE,1,SAM CLIPPERTON,Benjamin Smith,9.0,,2000,3YO+ BM64,GOOD4,OCAST,11
2024-03-19,HAWKESBURY,6,MARENARO,10,JASON COLLETT,Chris Waller,5.0,,2000,3YO+ BM64,GOOD4,OCAST,11
2024-03-19,HAWKESBURY,6,PARABELLUM,6,TOMMY BERRY,Ciaron Maher,5.5,1.0,2000,3YO+ BM64,GOOD4,OCAST,11
2024-03-19,HAWKESBURY,6,ADAGIO,8,REGAN BAYLISS,Gai Waterhouse & Adrian Bott,11.0,4.0,2000,3YO+ BM64,GOOD4,OCAST,11
2024-03-19,HAWKESBURY,6,GLOBAL ENCOUNTER,7,KEAGAN LATHAM,Kim Waugh,9.0,,2000,3YO+ BM64,GOOD4,OCAST,11
2024-03-19,HAWKESBURY,6,OVERICE,8,ALYSHA COLLETT,David Pfieffer,8.0,,2000,3YO+ BM64,GOOD4,OCAST,11
2024-03-19,HAWKESBURY,6,TOKYO RUN,2,ANNA ROPER,Dean Mirfin,4.4,3.0,2000,3YO+ BM64,GOOD4,OCAST,11
2024-03-19,HAWKESBURY,6,JIMMY MANOLO,5,ZAC LLOYD,Matthew Smith,7.0,,2000,3YO+ BM64,GOOD4,OCAST,11
2024-03-19,HAWKESBURY,6,LONG MEMORY,9,ANDREW ADKINS,Richard & Will Freedman,15.0,,2000,3YO+ BM64,GOOD4,OCAST,11
2024-03-19,HAWKESBURY,7,TORETTO,1,OLIVIA CHAMBERS,Matthew Dale,14.0,,1300,3YO+ BM68,GOOD4,OCAST,13
2024-03-19,HAWKESBURY,7,BYRON,5,JAY FORD,Lee & Cherie Curtis,3.2,4.0,1300,3YO+ BM68,GOOD4,OCAST,13
2024-03-19,HAWKESBURY,7,POSEIDON RULER,4,SHANE S ARNOLD,John Bannister,11.0,,1300,3YO+ BM68,GOOD4,OCAST,13
2024-03-19,HAWKESBURY,7,NEVER SORRY,3,ZAC WADICK,Kris Lees,5.5,2.0,1300,3YO+ BM68,GOOD4,OCAST,13
2024-03-19,HAWKESBURY,7,SMART LITTLE MISS,8,MADELINE OWEN,Ron Quinton,4.2,1.0,1300,3YO+ BM68,GOOD4,OCAST,13
2024-03-19,HAWKESBURY,7,EYEQUE,3,REECE JONES,John Thompson,9.5,,1300,3YO+ BM68,GOOD4,OCAST,13
2024-03-19,HAWKESBURY,7,OVERLORD,7,CHRISTIAN REITH,Gayna Williams,8.5,,1300,3YO+ BM68,GOOD4,OCAST,13
2024-03-19,HAWKESBURY,7,FINE EXAMPLE,2,MITCHELL BELL,Todd Howlett,51.0,,1300,3YO+ BM68,GOOD4,OCAST,13
2024-03-19,HAWKESBURY,7,ALLAPERCANTO,10,ZAC LLOYD,"Michael, Wayne & John Hawkes",4.4,,1300,3YO+ BM68,GOOD4,OCAST,13
2024-03-19,HAWKESBURY,7,THE CRIMSON IDOL,9,TYLER SCHILLER,Marc Chevalier,9.0,3.0,1300,3YO+ BM68,GOOD4,OCAST,13
2024-03-19,HAWKESBURY,7,PRINCESS AMIRA,1,ANNA ROPER,Damien Lane,11.0,,1300,3YO+ BM68,GOOD4,OCAST,13
2024-03-19,HAWKESBURY,7,DAS KAPITAL,4,JASON COLLETT,Ciaron Maher,7.5,,1300,3YO+ BM68,GOOD4,OCAST,13
2024-03-19,HAWKESBURY,7,ELECTRIC STORM,6,GRANT BUCKLEY,Gayna Williams,26.0,,1300,3YO+ BM68,GOOD4,OCAST,13
2024-03-19,HAWKESBURY,8,SOUND AND VISION,10,MADELINE OWEN,Karen Owen,101.0,,1500,BM64,GOOD4,OCAST,16
2024-03-19,HAWKESBURY,8,LOCKDOWN GAMBLE,8,ZAC WADICK,David J Smith,14.0,3.0,1500,BM64,GOOD4,OCAST,16
2024-03-19,HAWKESBURY,8,NYOTA,11,KEAGAN LATHAM,John Sargent,34.0,,1500,BM64,GOOD4,OCAST,16
2024-03-19,HAWKESBURY,8,SHIGERU,3,ASHLEY MORGAN,Jason Deamer,51.0,,1500,BM64,GOOD4,OCAST,16
2024-03-19,HAWKESBURY,8,CONDRIEU,1,TYLER SCHILLER,John O'Shea,19.0,,1500,BM64,GOOD4,OCAST,16
2024-03-19,HAWKESBURY,8,FIDDLERS GREEN,5,CHAD SCHOFIELD,Annabel Neasham,3.8,2.0,1500,BM64,GOOD4,OCAST,16
2024-03-19,HAWKESBURY,8,MAH ALI,9,SAM CLIPPERTON,Benjamin Smith,14.0,,1500,BM64,GOOD4,OCAST,16
2024-03-19,HAWKESBURY,8,FORTRESS AUSTRALIA,7,ZAC LLOYD,James Cummings,13.0,,1500,BM64,GOOD4,OCAST,16
2024-03-19,HAWKESBURY,8,LOVE CHILD,6,TOM MARQUAND,Chris Waller,5.5,,1500,BM64,GOOD4,OCAST,16
2024-03-19,HAWKESBURY,8,CONCELLO,2,TOMMY BERRY,Chris Waller,3.3,1.0,1500,BM64,GOOD4,OCAST,16
2024-03-19,HAWKESBURY,8,HINCHINJIVE,13,ANDREW ADKINS,Ron Quinton,51.0,4.0,1500,BM64,GOOD4,OCAST,16
2024-03-19,HAWKESBURY,8,KENYADA,4,JASON COLLETT,Chris Waller,10.0,,1500,BM64,GOOD4,OCAST,16
2024-03-19,HAWKESBURY,8,THREETIMESALADY,11,NOT NOTIFIED,John Bannister,61.0,,1500,BM64,GOOD4,OCAST,16
2024-03-19,HAWKESBURY,8,CARING LASS,12,DYLAN GIBBONS,Matthew Smith,41.0,,1500,BM64,GOOD4,OCAST,16
2024-03-19,HAWKESBURY,8,GENDARMERIE,12,JAY FORD,Lee & Cherie Curtis,21.0,,1500,BM64,GOOD4,OCAST,16
2024-03-19,HAWKESBURY,8,IMPRESSIERO,15,NOT NOTIFIED,Jason Coyle,101.0,,1500,BM64,GOOD4,OCAST,16
2024-03-19,KYNETON,1,DUBAI DA BEERS,9,ROSS O'SULLIVAN,Rene Pompe,101.0,,1856,3YO+ MDN SW,GOOD3,FINE,15
2024-03-19,KYNETON,1,HIGHLAND MIRAGE,11,DARRYL HORNER (JNR,Shane Bottomley,5.5,3.0,1856,3YO+ MDN SW,GOOD3,FINE,15
2024-03-19,KYNETON,1,TYAAK,10,LEE HORNER,Jody Thompson,17.0,,1856,3YO+ MDN SW,GOOD3,FINE,15
2024-03-19,KYNETON,1,EYES TO ME,12,DANIEL SMALL,Aaron Purcell,4.8,,1856,3YO+ MDN SW,GOOD3,FINE,15
2024-03-19,KYNETON,1,RICH CHAMPAGNE,2,ARRON LYNCH,Aaron Purcell,5.0,2.0,1856,3YO+ MDN SW,GOOD3,FINE,15
2024-03-19,KYNETON,1,SCOTALOTOFGRUNT,6,RICHARD O'DONOGHUE,Andrew Bobbin,16.0,,1856,3YO+ MDN SW,GOOD3,FINE,15
2024-03-19,KYNETON,1,SIRVEKE,1,WILL GORDON,Patrick Payne,2.6,1.0,1856,3YO+ MDN SW,GOOD3,FINE,15
2024-03-19,KYNETON,1,SON OF A BOOM,4,AARON KURU,Ben Brisbourne,6.5,4.0,1856,3YO+ MDN SW,GOOD3,FINE,15
2024-03-19,KYNETON,1,BRING CALMNESS,8,CHRIS MCCARTHY,Amber Hendry,51.0,,1856,3YO+ MDN SW,GOOD3,FINE,15
2024-03-19,KYNETON,1,OFFCAST,8,WILL GORDON,Henry Dwyer,10.0,,1856,3YO+ MDN SW,GOOD3,FINE,15
2024-03-19,KYNETON,1,ROXY QUEEN,5,LUKE DEMPSEY,Tom Dabernig,12.0,,1856,3YO+ MDN SW,GOOD3,FINE,15
2024-03-19,KYNETON,1,REAL WILD CHILD,3,NATHAN NEWTON,Rachael Frost,18.0,,1856,3YO+ MDN SW,GOOD3,FINE,15
2024-03-19,KYNETON,1,SPOKAN,6,CHRIS MCCARTHY,Dan O'Sullivan,1.01,,1856,3YO+ MDN SW,GOOD3,FINE,15
2024-03-19,KYNETON,1,CAPE BOY,7,DANIEL SMALL,Sharon Croxford,151.0,,1856,3YO+ MDN SW,GOOD3,FINE,15
2024-03-19,KYNETON,1,CUTTING HEADLINES,7,NOT NOTIFIED,Daniel P Kelly,1.01,,1856,3YO+ MDN SW,GOOD3,FINE,15
2024-03-19,KYNETON,2,A BLUE STAR,10,AARON KURU,Mitchell Freedman,3.1,,1856,3YO+ BM58,GOOD3,FINE,13
2024-03-19,KYNETON,2,JEKYLL'N'HYDE,11,LEE HORNER,Ben O'Farrell,23.0,,1856,3YO+ BM58,GOOD3,FINE,13
2024-03-19,KYNETON,2,TEKAPO,3,CHRIS MCCARTHY,Andrew Bobbin,18.0,,1856,3YO+ BM58,GOOD3,FINE,13
2024-03-19,KYNETON,2,DOCTOR ROBERT,6,WILL GORDON,Lee & Shannon Hope,4.8,3.0,1856,3YO+ BM58,GOOD3,FINE,13
2024-03-19,KYNETON,2,INORDINATE,1,DARRYL HORNER (JNR,Gavin Bedggood,4.2,2.0,1856,3YO+ BM58,GOOD3,FINE,13
2024-03-19,KYNETON,2,MODERNISSIMO,5,LUKE DEMPSEY,Robbie Griffiths & Mathew de Kock,9.5,1.0,1856,3YO+ BM58,GOOD3,FINE,13
2024-03-19,KYNETON,2,MAATSUYKER,12,ARRON LYNCH,Tom Dabernig,15.0,,1856,3YO+ BM58,GOOD3,FINE,13
2024-03-19,KYNETON,2,CLEAVER,2,RICHARD O'DONOGHUE,Brett Scott,26.0,4.0,1856,3YO+ BM58,GOOD3,FINE,13
2024-03-19,KYNETON,2,ITALIAN POET,8,NATHAN NEWTON,Kane Harris,13.0,,1856,3YO+ BM58,GOOD3,FINE,13
2024-03-19,KYNETON,2,MR EIGHTY EIGHT,4,ROSS O'SULLIVAN,Amy McDonald,101.0,,1856,3YO+ BM58,GOOD3,FINE,13
2024-03-19,KYNETON,2,LAKE TITICACA,7,DANIEL SMALL,Peter Chow,10.0,,1856,3YO+ BM58,GOOD3,FINE,13
2024-03-19,KYNETON,2,STAY A WHILE,9,GARY WALSH,Michael Templeton,81.0,,1856,3YO+ BM58,GOOD3,FINE,13
2024-03-19,KYNETON,2,UNVANQUISHABLE,4,NOT NOTIFIED,Brett Charry,1.01,,1856,3YO+ BM58,GOOD3,FINE,13
2024-03-19,KYNETON,3,AMANTAKA,15,RYAN HURDLE,Matt Cumani,81.0,,1103,3YO MDN SW F,GOOD3,FINE,17
2024-03-19,KYNETON,3,BALGOWAN,17,ETHAN BROWN,Michael Kent,16.0,,1103,3YO MDN SW F,GOOD3,FINE,17
2024-03-19,KYNETON,3,BANGALOW ROAD,6,JORDAN CHILDS,Grahame Begg,2.6,,1103,3YO MDN SW F,GOOD3,FINE,17
2024-03-19,KYNETON,3,BOUDICA WARRIOR,1,PAUL GATT,Kevin Evans,71.0,,1103,3YO MDN SW F,GOOD3,FINE,17
2024-03-19,KYNETON,3,CAPZINZI,5,JAKE NOONAN,Ciaron Maher,12.0,,1103,3YO MDN SW F,GOOD3,FINE,17
2024-03-19,KYNETON,3,CROATIAN ART,14,NEIL FARLEY,Michael & Luke Cerchi,101.0,,1103,3YO MDN SW F,GOOD3,FINE,17
2024-03-19,KYNETON,3,FAVANNA,4,DECLAN BATES,Michael Moroney,7.0,3.0,1103,3YO MDN SW F,GOOD3,FINE,17
2024-03-19,KYNETON,3,FUROSSHI,2,BEAU MERTENS,Gavin Bedggood,2.4,1.0,1103,3YO MDN SW F,GOOD3,FINE,17
2024-03-19,KYNETON,3,NOVA LIGHTS,16,DANIEL MOOR,Anthony & Sam Freedman,9.0,,1103,3YO MDN SW F,GOOD3,FINE,17
2024-03-19,KYNETON,3,RELATIVES,8,CELINE GAUDRAY,James Cummings,23.0,,1103,3YO MDN SW F,GOOD3,FINE,17
2024-03-19,KYNETON,3,SHAMROCK BAY,10,THOMAS STOCKDALE,Paul & Tracey Templeton,51.0,,1103,3YO MDN SW F,GOOD3,FINE,17
2024-03-19,KYNETON,3,SULTRY SIREN,3,LINDA MEECH,Peter G Moody & Katherine Coleman,6.5,2.0,1103,3YO MDN SW F,GOOD3,FINE,17
2024-03-19,KYNETON,3,TELESCOPE,11,JOHN ALLEN,Amy & Ash Yargi,8.0,,1103,3YO MDN SW F,GOOD3,FINE,17
2024-03-19,KYNETON,3,GIJIMA GAL,9,MITCHELL AITKEN,Henry Dwyer,1.01,,1103,3YO MDN SW F,GOOD3,FINE,17
2024-03-19,KYNETON,3,HARMONETT,7,ETHAN BROWN,David Brideoake & Matt Jenkins,34.0,4.0,1103,3YO MDN SW F,GOOD3,FINE,17
2024-03-19,KYNETON,3,GRAND ENTRANCE,9,CHLOE AZZOPARDI,Adam Burns,151.0,,1103,3YO MDN SW F,GOOD3,FINE,17
2024-03-19,KYNETON,3,FAT BOTTOM GIRL,5,ALVARO APABLAZA ES,Leon & Troy Corstens,51.0,,1103,3YO MDN SW F,GOOD3,FINE,17
2024-03-19,KYNETON,4,PELASGIAN,4,TOM MADDEN,David Noonan,21.0,,1454,3YO+ MDN SW,GOOD3,FINE,14
2024-03-19,KYNETON,4,SCONAERO,3,SHERIDAN CLARKE,Robert Linnell,31.0,,1454,3YO+ MDN SW,GOOD3,FINE,14
2024-03-19,KYNETON,4,DECLARED INNOCENT,8,NEIL FARLEY,Julie Scott,11.0,,1454,3YO+ MDN SW,GOOD3,FINE,14
2024-03-19,KYNETON,4,PRESERVATOR,5,ETHAN BROWN,Ciaron Maher,4.2,4.0,1454,3YO+ MDN SW,GOOD3,FINE,14
2024-03-19,KYNETON,4,ZOUWALER,2,BEAU MERTENS,Mick Price & Michael Kent (Jnr),4.4,,1454,3YO+ MDN SW,GOOD3,FINE,14
2024-03-19,KYNETON,4,SNAPPY PIERRO,9,JASON MASKIELL,Danielle Chapman,4.2,1.0,1454,3YO+ MDN SW,GOOD3,FINE,14
2024-03-19,KYNETON,4,CUGAT ON NITRO,7,MITCHELL AITKEN,Michael Templeton,15.0,,1454,3YO+ MDN SW,GOOD3,FINE,14
2024-03-19,KYNETON,4,JIDDER BUG,1,JOHN ALLEN,Robert Palm,21.0,,1454,3YO+ MDN SW,GOOD3,FINE,14
2024-03-19,KYNETON,4,STORMSTOUT,10,THOMAS STOCKDALE,Mick Price & Michael Kent (Jnr),7.0,3.0,1454,3YO+ MDN SW,GOOD3,FINE,14
2024-03-19,KYNETON,4,WILLINGLY,6,LAUREN BURKE,Matt Laurie,6.0,2.0,1454,3YO+ MDN SW,GOOD3,FINE,14
2024-03-19,KYNETON,4,ENGELINE,9,RHYS MCLEOD,Nick Ryan,1.01,,1454,3YO+ MDN SW,GOOD3,FINE,14
2024-03-19,KYNETON,4,LITTLE SUNSET,14,TAYLA CHILDS,Matt Cumani,1.01,,1454,3YO+ MDN SW,GOOD3,FINE,14
2024-03-19,KYNETON,4,LET'S GO ROSCO,12,ARRON LYNCH,Terry Mulder,1.01,,1454,3YO+ MDN SW,GOOD3,FINE,14
2024-03-19,KYNETON,4,MR MAXIMO,5,MADISON LLOYD,Anne McCormick,1.01,,1454,3YO+ MDN SW,GOOD3,FINE,14
2024-03-19,KYNETON,5,GRISBI'S PAL,6,NEIL FARLEY,Christopher Davis,34.0,,1203,3YO+ MDN SW,GOOD3,FINE,13
2024-03-19,KYNETON,5,KILMISTER,11,CRAIG ATKINSON,Aftab Shaikh,151.0,,1203,3YO+ MDN SW,GOOD3,FINE,13
2024-03-19,KYNETON,5,CAPITAL LOVER,2,JAKE NOONAN,Alex Rae,9.0,1.0,1203,3YO+ MDN SW,GOOD3,FINE,13
2024-03-19,KYNETON,5,HELLISH,7,LIAM RIORDAN,Danny O'Brien,2.9,,1203,3YO+ MDN SW,GOOD3,FINE,13
2024-03-19,KYNETON,5,EXCITING TIMES,10,MELISSA JULIUS,Danielle Loos,51.0,,1203,3YO+ MDN SW,GOOD3,FINE,13
2024-03-19,KYNETON,5,KOA MISS,13,MADISON LLOYD,Michael Jones,101.0,,1203,3YO+ MDN SW,GOOD3,FINE,13
2024-03-19,KYNETON,5,LUNAR FROST,4,CAITLIN HOLLOWOOD,Rebecca Kelly,18.0,2.0,1203,3YO+ MDN SW,GOOD3,FINE,13
2024-03-19,KYNETON,5,MEGHAN,3,WINONA COSTIN,Matthew Smith,3.0,3.0,1203,3YO+ MDN SW,GOOD3,FINE,13
2024-03-19,KYNETON,5,SOHO COCO,9,TAHLIA HOPE,Lee & Shannon Hope,19.0,,1203,3YO+ MDN SW,GOOD3,FINE,13
2024-03-19,KYNETON,5,VORIAH,7,DAKOTAH KEANE,David & Coral Feek,23.0,,1203,3YO+ MDN SW,GOOD3,FINE,13
2024-03-19,KYNETON,5,YOUR SHOUT GINGIE,8,JOHN ALLEN,Robbie Griffiths & Mathew de Kock,5.0,4.0,1203,3YO+ MDN SW,GOOD3,FINE,13
2024-03-19,KYNETON,5,TAKE IT IN TURNS,5,CHLOE AZZOPARDI,Adam Burns,151.0,,1203,3YO+ MDN SW,GOOD3,FINE,13
2024-03-19,KYNETON,5,TRINITY'S D'ORO,1,THOMAS STOCKDALE,Brian McGrath,12.0,,1203,3YO+ MDN SW,GOOD3,FINE,13
2024-03-19,KYNETON,6,CONCLAVE PRINCE,10,ROSE HAMMOND,Andrew Noblet,5.0,3.0,1203,BM58,GOOD3,FINE,17
2024-03-19,KYNETON,6,SNAPPY TYCOON,11,NEIL FARLEY,Danielle Chapman,8.0,2.0,1203,BM58,GOOD3,FINE,17
2024-03-19,KYNETON,6,STYLISH ENUFF,6,TAYLA CHILDS,Aaron Purcell,11.0,1.0,1203,BM58,GOOD3,FINE,17
2024-03-19,KYNETON,6,HIGH DONE,7,DAKOTAH KEANE,Paul & Tracey Templeton,23.0,,1203,BM58,GOOD3,FINE,17
2024-03-19,KYNETON,6,AURIEL,3,CAITLIN HOLLOWOOD,Trent Busuttin & Natalie Young,21.0,4.0,1203,BM58,GOOD3,FINE,17
2024-03-19,KYNETON,6,LOTTAROC,6,JESSICA BOOTH,David Noonan,23.0,,1203,BM58,GOOD3,FINE,17
2024-03-19,KYNETON,6,PYTHAGORAS,5,LINDA MEECH,Aaron Purcell,13.0,,1203,BM58,GOOD3,FINE,17
2024-03-19,KYNETON,6,INNERBLOOM,1,WILL GORDON,Emma-Lee & David Browne,13.0,,1203,BM58,GOOD3,FINE,17
2024-03-19,KYNETON,6,RISING SUN,10,JACK HILL,Henry Dwyer,51.0,,1203,BM58,GOOD3,FINE,17
2024-03-19,KYNETON,6,SUPERABUNDANT,14,BLAIKE MCDOUGALL,Leon & Troy Corstens,31.0,,1203,BM58,GOOD3,FINE,17
2024-03-19,KYNETON,6,BANANA SPLIT,2,JOHN KEATING,Tony Williams,9.0,,1203,BM58,GOOD3,FINE,17
2024-03-19,KYNETON,6,JUMPING POWER TWO,17,ROSS O'SULLIVAN,Mick Bell,26.0,,1203,BM58,GOOD3,FINE,17
2024-03-19,KYNETON,6,MERCHELLE,7,TEO NUGENT,Mark & Levi Kavanagh,3.3,,1203,BM58,GOOD3,FINE,17
2024-03-19,KYNETON,6,CAT EMPIRE,4,MITCHELL AITKEN,Vincent Malady,8.5,,1203,BM58,GOOD3,FINE,17
2024-03-19,KYNETON,6,LIMBERING,9,ALANA KELLY,Louise Bonella,16.0,,1203,BM58,GOOD3,FINE,17
2024-03-19,KYNETON,6,SMART ALICK,12,SHERIDAN CLARKE,Con Kelly,81.0,,1203,BM58,GOOD3,FINE,17
2024-03-19,KYNETON,6,FOUNEX,8,JADE DAROSE,Adam Burns,151.0,,1203,BM58,GOOD3,FINE,17
2024-03-19,KYNETON,7,JUICE BOX,9,CAITLIN HOLLOWOOD,Rebecca Kelly,4.6,,1103,BM58 FM,GOOD3,FINE,10
2024-03-19,KYNETON,7,IMPS,8,LIAM RIORDAN,Michael & Luke Cerchi,5.0,3.0,1103,BM58 FM,GOOD3,FINE,10
2024-03-19,KYNETON,7,THARGOMINDAH,2,EMILY POZMAN,Peter G Moody & Katherine Coleman,5.5,1.0,1103,BM58 FM,GOOD3,FINE,10
2024-03-19,KYNETON,7,ILIAD,6,ZAC SPAIN,Andrew Noblet,9.5,,1103,BM58 FM,GOOD3,FINE,10
2024-03-19,KYNETON,7,INNOCENT ENUFF,1,ADAM MCCABE,Logan McGill,4.6,2.0,1103,BM58 FM,GOOD3,FINE,10
2024-03-19,KYNETON,7,SHEZ CLASS,5,JASON MASKIELL,Emma-Lee & David Browne,4.6,,1103,BM58 FM,GOOD3,FINE,10
2024-03-19,KYNETON,7,SHE'S XTRAVAGANT,4,LAURA LAFFERTY,Mathew Ellerton,21.0,,1103,BM58 FM,GOOD3,FINE,10
2024-03-19,KYNETON,7,SANDRINE,7,BLAIKE MCDOUGALL,Erin Maher,34.0,4.0,1103,BM58 FM,GOOD3,FINE,10
2024-03-19,KYNETON,7,STEEL MY THUNDER,3,PAUL GATT,Dean Krongold,51.0,,1103,BM58 FM,GOOD3,FINE,10
2024-03-19,KYNETON,7,FONTAINE DEL ROSSO,3,ROSE HAMMOND,Adam Burns,151.0,,1103,BM58 FM,GOOD3,FINE,10
2024-03-19,KYNETON,8,DASH TO THE BAR,9,HANNAH LE BLANC,Ben Brisbourne,61.0,,1454,3YO+ BM58,GOOD3,FINE,14
2024-03-19,KYNETON,8,CAPULET,3,LUKE CARTWRIGHT,Tony & Calvin McEvoy,3.2,2.0,1454,3YO+ BM58,GOOD3,FINE,14
2024-03-19,KYNETON,8,MI SCUSI,2,DANIEL MOOR,Greg Eurell,6.5,3.0,1454,3YO+ BM58,GOOD3,FINE,14
2024-03-19,KYNETON,8,NAVAL FORCE,4,JAKE NOONAN,Trent Busuttin & Natalie Young,9.5,,1454,3YO+ BM58,GOOD3,FINE,14
2024-03-19,KYNETON,8,HELMITON,7,BLAIKE MCDOUGALL,Mathew Ellerton,8.5,,1454,3YO+ BM58,GOOD3,FINE,14
2024-03-19,KYNETON,8,RASPUTINA,8,LIAM RIORDAN,Mark & Levi Kavanagh,10.0,4.0,1454,3YO+ BM58,GOOD3,FINE,14
2024-03-19,KYNETON,8,ALASKAN STORM,6,DAKOTAH KEANE,David & Coral Feek,10.0,,1454,3YO+ BM58,GOOD3,FINE,14
2024-03-19,KYNETON,8,TAKARA,10,JOHN ALLEN,Ciaron Maher,5.5,,1454,3YO+ BM58,GOOD3,FINE,14
2024-03-19,KYNETON,8,GERALDINE'S JEWEL,5,JARROD FRY,Reece Goodwin,8.0,1.0,1454,3YO+ BM58,GOOD3,FINE,14
2024-03-19,KYNETON,8,GLORIOUS MACHINE,8,TAYLA CHILDS,Matt Cumani,26.0,,1454,3YO+ BM58,GOOD3,FINE,14
2024-03-19,KYNETON,8,TYLDEN,1,MITCHELL AITKEN,Vincent Malady,81.0,,1454,3YO+ BM58,GOOD3,FINE,14
2024-03-19,KYNETON,8,RIVERSIDE SPECIAL,1,NOT NOTIFIED,Jaymee Cockram,1.01,,1454,3YO+ BM58,GOOD3,FINE,14
2024-03-19,KYNETON,8,DENTE'S INFERNO,4,NEIL FARLEY,Edmund Bourke,1.01,,1454,3YO+ BM58,GOOD3,FINE,14
2024-03-19,KYNETON,8,PANAGSAMA,9,LAURA LAFFERTY,Ben O'Farrell,1.01,,1454,3YO+ BM58,GOOD3,FINE,14
2024-03-19,MACKAY,1,CARACRISTI,7,JUSTIN HUXTABLE,Jared Wehlow,1.8,1.0,1100,2YO MDN,GOOD4,OCAST,11
2024-03-19,MACKAY,1,MISHANI I AM,4,SCOTT SHEARGOLD,John Manzelmann,41.0,,1100,2YO MDN,GOOD4,OCAST,11
2024-03-19,MACKAY,1,BOOGIE FEVER,11,JUSTIN STANLEY,Clinton Taylor,4.8,,1100,2YO MDN,GOOD4,OCAST,11
2024-03-19,MACKAY,1,CLUCK,6,RYAN WIGGINS,Peter Fleming,19.0,3.0,1100,2YO MDN,GOOD4,OCAST,11
2024-03-19,MACKAY,1,FIREBREAK,3,ADAM SEWELL,Tom Smith,4.8,2.0,1100,2YO MDN,GOOD4,OCAST,11
2024-03-19,MACKAY,1,MISHANI BURN,9,ADRIAN LAYT,John Manzelmann,41.0,4.0,1100,2YO MDN,GOOD4,OCAST,11
2024-03-19,MACKAY,1,MISHANI WOLF,5,NATHAN THOMAS,John Manzelmann,101.0,,1100,2YO MDN,GOOD4,OCAST,11
2024-03-19,MACKAY,1,NOVEMBER FOAL,10,GEORGINA CARTWRIGH,Jennifer Hatfield,81.0,,1100,2YO MDN,GOOD4,OCAST,11
2024-03-19,MACKAY,1,MISHANI UNLAWFUL,2,NIKKI OLZARD,John Manzelmann,23.0,,1100,2YO MDN,GOOD4,OCAST,11
2024-03-19,MACKAY,1,SEWN UP,1,GABRIELLE SEMMENS,Tom Button,13.0,,1100,2YO MDN,GOOD4,OCAST,11
2024-03-19,MACKAY,1,MISHANI AMORE,8,JASON TAYLOR,John Manzelmann,151.0,,1100,2YO MDN,GOOD4,OCAST,11
2024-03-19,MACKAY,2,PRIDEOFTHEBIGFISH,2,RYAN WIGGINS,Liam Birchley,10.0,4.0,1200,MDN,GOOD4,OCAST,15
2024-03-19,MACKAY,2,MIDTHUNDER,7,LES TILLEY,Sileas Green,0.0,,1200,MDN,GOOD4,OCAST,15
2024-03-19,MACKAY,2,SMOKIN' RUBI,8,GABRIELLE SEMMENS,Joao Serra Campeao,151.0,,1200,MDN,GOOD4,OCAST,15
2024-03-19,MACKAY,2,ME TIME,5,ADRIAN LAYT,Jessica Kuhn,41.0,2.0,1200,MDN,GOOD4,OCAST,15
2024-03-19,MACKAY,2,NAHEIGHTKAY,4,GEORGINA CARTWRIGH,Jennifer Hatfield,9.5,,1200,MDN,GOOD4,OCAST,15
2024-03-19,MACKAY,2,GOGGLEBOX,3,LES TILLEY,Tracy Simmons,26.0,,1200,MDN,GOOD4,OCAST,15
2024-03-19,MACKAY,2,ANDIRON,10,JUSTIN STANLEY,Tom Smith,4.4,,1200,MDN,GOOD4,OCAST,15
2024-03-19,MACKAY,2,KAISA,11,SCOTT SHEARGOLD,Kat Hall,10.0,,1200,MDN,GOOD4,OCAST,15
2024-03-19,MACKAY,2,MY LITTLE VIKING,13,NATHAN THOMAS,Kat Hall,34.0,,1200,MDN,GOOD4,OCAST,15
2024-03-19,MACKAY,2,CERARED,12,ADAM SEWELL,Ricky Vale,5.5,3.0,1200,MDN,GOOD4,OCAST,15
2024-03-19,MACKAY,2,IMPERIUM,15,DENICIOUS SMITH,Michael Geaney,8.5,,1200,MDN,GOOD4,OCAST,15
2024-03-19,MACKAY,2,LET'S ROLL,1,JASON TAYLOR,Lyle Wright,2.6,1.0,1200,MDN,GOOD4,OCAST,15
2024-03-19,MACKAY,2,TSUNAMI FORCE,6,NICOLE SEYMOUR,Joao Serra Campeao,151.0,,1200,MDN,GOOD4,OCAST,15
2024-03-19,MACKAY,2,FAIRYBOWER FLYER,9,NIKKI OLZARD,Joshua Manzelmann,101.0,,1200,MDN,GOOD4,OCAST,15
2024-03-19,MACKAY,2,FRESH START,7,TASHA CHAMBERS,David Micallef,71.0,,1200,MDN,GOOD4,OCAST,15
2024-03-19,MACKAY,3,HANGIN' AROUND,6,ASHLEY BUTLER,Clinton Taylor,2.1,1.0,1300,3YO MDN,GOOD4,OCAST,11
2024-03-19,MACKAY,3,MIDTHUNDER,5,RYAN WIGGINS,Sileas Green,16.0,,1300,3YO MDN,GOOD4,OCAST,11
2024-03-19,MACKAY,3,NAHEIGHTKAY,3,GEORGINA CARTWRIGH,Jennifer Hatfield,0.0,,1300,3YO MDN,GOOD4,OCAST,11
2024-03-19,MACKAY,3,SPOT ON SOPHIA,9,ADRIAN LAYT,Jamie McConachy,21.0,,1300,3YO MDN,GOOD4,OCAST,11
2024-03-19,MACKAY,3,EYES ARE LION,1,GEORGINA CARTWRIGH,Joshua Manzelmann,14.0,2.0,1300,3YO MDN,GOOD4,OCAST,11
2024-03-19,MACKAY,3,ALL POWERED UP,8,NATHAN THOMAS,Kat Hall,126.0,,1300,3YO MDN,GOOD4,OCAST,11
2024-03-19,MACKAY,3,ONLY ONE LOOK,2,JASON TAYLOR,Shaun Quigley,5.5,,1300,3YO MDN,GOOD4,OCAST,11
2024-03-19,MACKAY,3,FLYING MAPLE,3,LES TILLEY,Ricky Vale,2.9,3.0,1300,3YO MDN,GOOD4,OCAST,11
2024-03-19,MACKAY,3,SNUGGLE BANG YAHOO,4,ADAM SEWELL,John Manzelmann,101.0,4.0,1300,3YO MDN,GOOD4,OCAST,11
2024-03-19,MACKAY,3,CYBER JAM,10,NIKKI OLZARD,John Manzelmann,61.0,,1300,3YO MDN,GOOD4,OCAST,11
2024-03-19,MACKAY,3,WILD AFFAIR,7,SCOTT SHEARGOLD,John Manzelmann,151.0,,1300,3YO MDN,GOOD4,OCAST,11
2024-03-19,MACKAY,4,SKYLIGHT SONG,10,ASHLEY BUTLER,Jared Wehlow,0.0,,1300,CL1,GOOD4,OCAST,14
2024-03-19,MACKAY,4,OSCAR BRAVO,10,TASHA CHAMBERS,Wayne Pomfrett,5.0,,1300,CL1,GOOD4,OCAST,14
2024-03-19,MACKAY,4,FULMEN,4,JUSTIN STANLEY,Clinton Taylor,3.6,4.0,1300,CL1,GOOD4,OCAST,14
2024-03-19,MACKAY,4,SPRING VALLEY,9,GEORGINA CARTWRIGH,Mark Cochrane,9.5,1.0,1300,CL1,GOOD4,OCAST,14
2024-03-19,MACKAY,4,WHAKAMIHARO,11,JUSTIN HUXTABLE,Jared Wehlow,0.0,,1300,CL1,GOOD4,OCAST,14
2024-03-19,MACKAY,4,ELLIE'S DREAM,7,JASON TAYLOR,Stephen Bush,7.0,2.0,1300,CL1,GOOD4,OCAST,14
2024-03-19,MACKAY,4,FANCIFUL MR FOX,8,ADRIAN LAYT,Michael Geaney,11.0,,1300,CL1,GOOD4,OCAST,14
2024-03-19,MACKAY,4,BICEPS,6,NIKKI OLZARD,Damien Rideout,41.0,,1300,CL1,GOOD4,OCAST,14
2024-03-19,MACKAY,4,SHEEZALITTLETORQUE,8,LES TILLEY,Stuart Kendrick,4.8,,1300,CL1,GOOD4,OCAST,14
2024-03-19,MACKAY,4,WELL RESTED,2,GABRIELLE SEMMENS,Tom Button,10.0,,1300,CL1,GOOD4,OCAST,14
2024-03-19,MACKAY,4,STEAMING SUN,5,ADAM SEWELL,Jamie McConachy,13.0,3.0,1300,CL1,GOOD4,OCAST,14
2024-03-19,MACKAY,4,FOGGY DEW,1,SCOTT SHEARGOLD,John Manzelmann,16.0,,1300,CL1,GOOD4,OCAST,14
2024-03-19,MACKAY,4,THE LAST SAGA,11,NATHAN THOMAS,Allan Jenkinson,31.0,,1300,CL1,GOOD4,OCAST,14
2024-03-19,MACKAY,4,SHESABOMB,3,NICOLE SEYMOUR,Tracy Simmons,151.0,,1300,CL1,GOOD4,OCAST,14
2024-03-19,MACKAY,5,POET'S DAY,6,ASHLEY BUTLER,Peter Fleming,1.01,,1560,BM55,GOOD4,OCAST,13
2024-03-19,MACKAY,5,BATTLE SOUND,2,JUSTIN HUXTABLE,Jared Wehlow,2.9,3.0,1560,BM55,GOOD4,OCAST,13
2024-03-19,MACKAY,5,KNOWITALL JACK,9,RYAN WIGGINS,Ricky Vale,3.0,2.0,1560,BM55,GOOD4,OCAST,13
2024-03-19,MACKAY,5,DENSITY,7,JASON TAYLOR,John Manzelmann,151.0,,1560,BM55,GOOD4,OCAST,13
2024-03-19,MACKAY,5,I SAY BOOM,3,NIKKI OLZARD,John Manzelmann,17.0,4.0,1560,BM55,GOOD4,OCAST,13
2024-03-19,MACKAY,5,ROY'S ROAD,4,LES TILLEY,Zoe Hohn,5.5,1.0,1560,BM55,GOOD4,OCAST,13
2024-03-19,MACKAY,5,CAPITAL GIRL,11,GABRIELLE SEMMENS,John Manzelmann,126.0,,1560,BM55,GOOD4,OCAST,13
2024-03-19,MACKAY,5,ENTERPRISE PHOENIX,8,JUSTIN STANLEY,Tim Cook,13.0,,1560,BM55,GOOD4,OCAST,13
2024-03-19,MACKAY,5,HE'S THE ONE,10,ADRIAN LAYT,Shaun Quigley,5.5,,1560,BM55,GOOD4,OCAST,13
2024-03-19,MACKAY,5,ORCA,1,ADAM SEWELL,Lyle Wright,16.0,,1560,BM55,GOOD4,OCAST,13
2024-03-19,MACKAY,5,SHADOW PROJECT,6,SCOTT SHEARGOLD,Jessica Kuhn,34.0,,1560,BM55,GOOD4,OCAST,13
2024-03-19,MACKAY,5,MOHAHNA,5,NATHAN THOMAS,Tracy Simmons,61.0,,1560,BM55,GOOD4,OCAST,13
2024-03-19,MACKAY,5,MARSHY,8,GEORGINA CARTWRIGH,John Manzelmann,126.0,,1560,BM55,GOOD4,OCAST,13
2024-03-19,MACKAY,6,THISLAND IS MYLAND,3,JUSTIN HUXTABLE,Graeme Green,2.2,1.0,1200,BM70,GOOD4,OCAST,9
2024-03-19,MACKAY,6,BRING ME FLOWERS,1,JUSTIN STANLEY,Lindsay Hatch,4.4,,1200,BM70,GOOD4,OCAST,9
2024-03-19,MACKAY,6,BOLD HUNTER,9,NOT NOTIFIED,Joshua Manzelmann,0.0,,1200,BM70,GOOD4,OCAST,9
2024-03-19,MACKAY,6,TRACK TALE,6,LES TILLEY,Ricky Vale,2.6,3.0,1200,BM70,GOOD4,OCAST,9
2024-03-19,MACKAY,6,STARHATTAN,2,NOT NOTIFIED,Trevor Williams,0.0,,1200,BM70,GOOD4,OCAST,9
2024-03-19,MACKAY,6,ACOUSTIX,5,NATHAN THOMAS,Joao Serra Campeao,71.0,4.0,1200,BM70,GOOD4,OCAST,9
2024-03-19,MACKAY,6,HARVESTA,4,NICOLE SEYMOUR,Wayne Winters,26.0,,1200,BM70,GOOD4,OCAST,9
2024-03-19,MACKAY,6,AIDENABET,2,JASON TAYLOR,Joshua Manzelmann,17.0,2.0,1200,BM70,GOOD4,OCAST,9
2024-03-19,MACKAY,6,FLAMING HOMER,4,NOT NOTIFIED,Tim Cook,10.0,,1200,BM70,GOOD4,OCAST,9
2024-03-19,MACKAY,7,IAMRUSTYPARKER,4,JUSTIN HUXTABLE,John Manzelmann,8.0,,1100,BM0-55,GOOD4,OCAST,19
2024-03-19,MACKAY,7,VOLARCHI,7,ADAM SEWELL,John Manzelmann,51.0,,1100,BM0-55,GOOD4,OCAST,19
2024-03-19,MACKAY,7,GOOD GIRL,12,ADRIAN LAYT,Stephen Bush,0.0,,1100,BM0-55,GOOD4,OCAST,19
2024-03-19,MACKAY,7,KWINERN,1,NATHAN THOMAS,John Manzelmann,26.0,,1100,BM0-55,GOOD4,OCAST,19
2024-03-19,MACKAY,7,SKREATCH,3,LES TILLEY,Zoe Hohn,21.0,1.0,1100,BM0-55,GOOD4,OCAST,19
2024-03-19,MACKAY,7,GRACIOUS GARCON,2,NOT NOTIFIED,Joshua Manzelmann,61.0,,1100,BM0-55,GOOD4,OCAST,19
2024-03-19,MACKAY,7,SCHATZI,15,JASON TAYLOR,Jennifer Hatfield,19.0,,1100,BM0-55,GOOD4,OCAST,19
2024-03-19,MACKAY,7,MISS SHALAA,5,NICOLE SEYMOUR,Wayne Winters,19.0,3.0,1100,BM0-55,GOOD4,OCAST,19
2024-03-19,MACKAY,7,SILENT ANGEL,2,GEORGINA CARTWRIGH,Trevor Williams,3.7,4.0,1100,BM0-55,GOOD4,OCAST,19
2024-03-19,MACKAY,7,AOLANI,6,GABRIELLE SEMMENS,Tom Button,1.85,2.0,1100,BM0-55,GOOD4,OCAST,19
2024-03-19,MACKAY,7,WELL RESTED,16,NOT NOTIFIED,Tom Button,0.0,,1100,BM0-55,GOOD4,OCAST,19
2024-03-19,MACKAY,7,CHATILLY,10,NIKKI OLZARD,Tracy Simmons,19.0,,1100,BM0-55,GOOD4,OCAST,19
2024-03-19,MACKAY,7,MISHANI PERFECTION,9,SCOTT SHEARGOLD,John Manzelmann,151.0,,1100,BM0-55,GOOD4,OCAST,19
2024-03-19,MACKAY,7,ICE SKATER,11,TASHA CHAMBERS,Lyle Wright,26.0,,1100,BM0-55,GOOD4,OCAST,19
2024-03-19,MACKAY,7,QUEENSLANDER,8,JASON TAYLOR,John Manzelmann,34.0,,1100,BM0-55,GOOD4,OCAST,19
2024-03-19,MACKAY,7,COMBAT MISSION,11,NOT NOTIFIED,John Manzelmann,81.0,,1100,BM0-55,GOOD4,OCAST,19
2024-03-19,MACKAY,7,SHESABOMB,19,NOT NOTIFIED,Tracy Simmons,1.01,,1100,BM0-55,GOOD4,OCAST,19
2024-03-19,MACKAY,7,MISHANI STAR,1,NOT NOTIFIED,John Manzelmann,51.0,,1100,BM0-55,GOOD4,OCAST,19
2024-03-19,MACKAY,7,SENSATIONABULL,14,NIKKI OLZARD,Joshua Manzelmann,1.01,,1100,BM0-55,GOOD4,OCAST,19
